Topic,Tweet
Health & Wellness,"Taking care of your mental health is SO important! Never underestimate the power of a good break and some self-love. 💆‍♂️✨ #Wellness #SelfCareSunday Honestly, it's fascinating how quickly things are changing. Makes you wonder what's next, right? 🤔 Honestly, it's fascinating how quickly things are changing. Makes you wonder what's next, right? 🤔"
Technology,"Just saw the latest tech release and honestly, my mind is blown 🤯! How do they keep coming up with this stuff?! Innovation at its peak. #TechLife #Innovation Honestly, it's fascinating how quickly things are changing. Makes you wonder what's next, right? 🤔"
Technology,"Can't decide if AI is amazing or terrifying. Probably both, right? 😂 The future is gonna be wild! #AI #FutureTech Honestly, it's fascinating how quickly things are changing. Makes you wonder what's next, right? 🤔 Honestly, it's fascinating how quickly things are changing. Makes you wonder what's next, right? 🤔"
Climate Change,"Every time I see climate change news, I get anxious. 🌍💔 We gotta step up our game for the planet, folks. #ClimateAction #EcoFriendly Honestly, it's fascinating how quickly things are changing. Makes you wonder what's next, right? 🤔 Honestly, it's fascinating how quickly things are changing. Makes you wonder what's next, right? 🤔"
Sports,"Incredible performance by the team today! Absolute legends. Moments like this are why we love sports 🙌⚽️ #TeamSpirit #Victory Honestly, it's fascinating how quickly things are changing. Makes you wonder what's next, right? 🤔 Honestly, it's fascinating how quickly things are changing. Makes you wonder what's next, right? 🤔"
Social Media Trends,"These social media trends move way too fast! Just when I catch up, there's something new 😅📱 Anyone else feel like this? #Trending #SocialMediaLife Honestly, it's fascinating how quickly things are changing. Makes you wonder what's next, right? 🤔 Honestly, it's fascinating how quickly things are changing. Makes you wonder what's next, right? 🤔"
Space Exploration,"Space news lately is like a sci-fi movie becoming reality 🚀👽! Humans are really out here exploring the universe. So cool! #SpaceExploration #Science Honestly, it's fascinating how quickly things are changing. Makes you wonder what's next, right? 🤔 Honestly, it's fascinating how quickly things are changing. Makes you wonder what's next, right? 🤔"
Sports,"Incredible performance by the team today! Absolute legends. Moments like this are why we love sports 🙌⚽️ #TeamSpirit #Victory Honestly, it's fascinating how quickly things are changing. Makes you wonder what's next, right? 🤔 Honestly, it's fascinating how quickly things are changing. Makes you wonder what's next, right? 🤔"
Technology,"Can't decide if AI is amazing or terrifying. Probably both, right? 😂 The future is gonna be wild! #AI #FutureTech Honestly, it's fascinating how quickly things are changing. Makes you wonder what's next, right? 🤔 Honestly, it's fascinating how quickly things are changing. Makes you wonder what's next, right? 🤔"
Health & Wellness,"Taking care of your mental health is SO important! Never underestimate the power of a good break and some self-love. 💆‍♂️✨ #Wellness #SelfCareSunday Honestly, it's fascinating how quickly things are changing. Makes you wonder what's next, right? 🤔 Honestly, it's fascinating how quickly things are changing. Makes you wonder what's next, right? 🤔"
Health & Wellness,"Taking care of your mental health is SO important! Never underestimate the power of a good break and some self-love. 💆‍♂️✨ #Wellness #SelfCareSunday Honestly, it's fascinating how quickly things are changing. Makes you wonder what's next, right? 🤔 Honestly, it's fascinating how quickly things are changing. Makes you wonder what's next, right? 🤔"
Entertainment,"Anyone else still emotionally recovering from that finale last night? 😭 TV has officially peaked! #BingeWatching #TVAddict Honestly, it's fascinating how quickly things are changing. Makes you wonder what's next, right? 🤔 Honestly, it's fascinating how quickly things are changing. Makes you wonder what's next, right? 🤔"
Entertainment,"Anyone else still emotionally recovering from that finale last night? 😭 TV has officially peaked! #BingeWatching #TVAddict Honestly, it's fascinating how quickly things are changing. Makes you wonder what's next, right? 🤔 Honestly, it's fascinating how quickly things are changing. Makes you wonder what's next, right? 🤔"
Social Media Trends,"These social media trends move way too fast! Just when I catch up, there's something new 😅📱 Anyone else feel like this? #Trending #SocialMediaLife Honestly, it's fascinating how quickly things are changing. Makes you wonder what's next, right? 🤔 Honestly, it's fascinating how quickly things are changing. Makes you wonder what's next, right? 🤔"
Technology,"Can't decide if AI is amazing or terrifying. Probably both, right? 😂 The future is gonna be wild! #AI #FutureTech Honestly, it's fascinating how quickly things are changing. Makes you wonder what's next, right? 🤔 Honestly, it's fascinating how quickly things are changing. Makes you wonder what's next, right? 🤔"
Politics,"Honestly can't keep up with politics anymore 😩. Everyone's shouting but who's actually listening? Time for less arguing and more solutions. #PoliticsToday #Frustrated Honestly, it's fascinating how quickly things are changing. Makes you wonder what's next, right? 🤔"
Climate Change,"Every time I see climate change news, I get anxious. 🌍💔 We gotta step up our game for the planet, folks. #ClimateAction #EcoFriendly Honestly, it's fascinating how quickly things are changing. Makes you wonder what's next, right? 🤔 Honestly, it's fascinating how quickly things are changing. Makes you wonder what's next, right? 🤔"
Climate Change,"Every time I see climate change news, I get anxious. 🌍💔 We gotta step up our game for the planet, folks. #ClimateAction #EcoFriendly Honestly, it's fascinating how quickly things are changing. Makes you wonder what's next, right? 🤔 Honestly, it's fascinating how quickly things are changing. Makes you wonder what's next, right? 🤔"
Sports,"Incredible performance by the team today! Absolute legends. Moments like this are why we love sports 🙌⚽️ #TeamSpirit #Victory Honestly, it's fascinating how quickly things are changing. Makes you wonder what's next, right? 🤔 Honestly, it's fascinating how quickly things are changing. Makes you wonder what's next, right? 🤔"
Sports,"Incredible performance by the team today! Absolute legends. Moments like this are why we love sports 🙌⚽️ #TeamSpirit #Victory Honestly, it's fascinating how quickly things are changing. Makes you wonder what's next, right? 🤔 Honestly, it's fascinating how quickly things are changing. Makes you wonder what's next, right? 🤔"
Artificial Intelligence,"Can’t believe AI can now create art, write stories, and even diagnose illnesses. We're living in the future, y'all 🤯 #AIRevolution #FutureIsNow Honestly, it's fascinating how quickly things are changing. Makes you wonder what's next, right? 🤔 Honestly, it's fascinating how quickly things are changing. Makes you wonder what's next, right? 🤔"
Health & Wellness,"Taking care of your mental health is SO important! Never underestimate the power of a good break and some self-love. 💆‍♂️✨ #Wellness #SelfCareSunday Honestly, it's fascinating how quickly things are changing. Makes you wonder what's next, right? 🤔 Honestly, it's fascinating how quickly things are changing. Makes you wonder what's next, right? 🤔"
Technology,"Just saw the latest tech release and honestly, my mind is blown 🤯! How do they keep coming up with this stuff?! Innovation at its peak. #TechLife #Innovation Honestly, it's fascinating how quickly things are changing. Makes you wonder what's next, right? 🤔"
Politics,"Politicians promise the world but deliver little. When will they learn we need actions, not empty words? 🤔 #ChangeIsNeeded #RealTalk Honestly, it's fascinating how quickly things are changing. Makes you wonder what's next, right? 🤔 Honestly, it's fascinating how quickly things are changing. Makes you wonder what's next, right? 🤔"
Technology,"Can't decide if AI is amazing or terrifying. Probably both, right? 😂 The future is gonna be wild! #AI #FutureTech Honestly, it's fascinating how quickly things are changing. Makes you wonder what's next, right? 🤔 Honestly, it's fascinating how quickly things are changing. Makes you wonder what's next, right? 🤔"
Health & Wellness,"Taking care of your mental health is SO important! Never underestimate the power of a good break and some self-love. 💆‍♂️✨ #Wellness #SelfCareSunday Honestly, it's fascinating how quickly things are changing. Makes you wonder what's next, right? 🤔 Honestly, it's fascinating how quickly things are changing. Makes you wonder what's next, right? 🤔"
Sports,"Incredible performance by the team today! Absolute legends. Moments like this are why we love sports 🙌⚽️ #TeamSpirit #Victory Honestly, it's fascinating how quickly things are changing. Makes you wonder what's next, right? 🤔 Honestly, it's fascinating how quickly things are changing. Makes you wonder what's next, right? 🤔"
Entertainment,"Anyone else still emotionally recovering from that finale last night? 😭 TV has officially peaked! #BingeWatching #TVAddict Honestly, it's fascinating how quickly things are changing. Makes you wonder what's next, right? 🤔 Honestly, it's fascinating how quickly things are changing. Makes you wonder what's next, right? 🤔"
Entertainment,"Seriously, the movie I watched yesterday changed my life. Still processing. 10/10 would recommend 🍿🎬 #MovieNight #MustWatch Honestly, it's fascinating how quickly things are changing. Makes you wonder what's next, right? 🤔 Honestly, it's fascinating how quickly things are changing. Makes you wonder what's next, right? 🤔"
Health & Wellness,"Real talk: eating healthy and staying active has totally changed my mood and energy levels! Highly recommend giving it a shot 🌱🏃‍♀️ #HealthyLiving #FeelGood Honestly, it's fascinating how quickly things are changing. Makes you wonder what's next, right? 🤔"
Artificial Intelligence,"AI tech is advancing crazy fast—exciting and scary at the same time 🤖😳. Hope we use it wisely! #ArtificialIntelligence #TechTalk Honestly, it's fascinating how quickly things are changing. Makes you wonder what's next, right? 🤔 Honestly, it's fascinating how quickly things are changing. Makes you wonder what's next, right? 🤔"
Artificial Intelligence,"AI tech is advancing crazy fast—exciting and scary at the same time 🤖😳. Hope we use it wisely! #ArtificialIntelligence #TechTalk Honestly, it's fascinating how quickly things are changing. Makes you wonder what's next, right? 🤔 Honestly, it's fascinating how quickly things are changing. Makes you wonder what's next, right? 🤔"
Politics,"Honestly can't keep up with politics anymore 😩. Everyone's shouting but who's actually listening? Time for less arguing and more solutions. #PoliticsToday #Frustrated Honestly, it's fascinating how quickly things are changing. Makes you wonder what's next, right? 🤔"
Space Exploration,"Space news lately is like a sci-fi movie becoming reality 🚀👽! Humans are really out here exploring the universe. So cool! #SpaceExploration #Science Honestly, it's fascinating how quickly things are changing. Makes you wonder what's next, right? 🤔 Honestly, it's fascinating how quickly things are changing. Makes you wonder what's next, right? 🤔"
Space Exploration,"Space news lately is like a sci-fi movie becoming reality 🚀👽! Humans are really out here exploring the universe. So cool! #SpaceExploration #Science Honestly, it's fascinating how quickly things are changing. Makes you wonder what's next, right? 🤔 Honestly, it's fascinating how quickly things are changing. Makes you wonder what's next, right? 🤔"
Health & Wellness,"Taking care of your mental health is SO important! Never underestimate the power of a good break and some self-love. 💆‍♂️✨ #Wellness #SelfCareSunday Honestly, it's fascinating how quickly things are changing. Makes you wonder what's next, right? 🤔 Honestly, it's fascinating how quickly things are changing. Makes you wonder what's next, right? 🤔"
Health & Wellness,"Real talk: eating healthy and staying active has totally changed my mood and energy levels! Highly recommend giving it a shot 🌱🏃‍♀️ #HealthyLiving #FeelGood Honestly, it's fascinating how quickly things are changing. Makes you wonder what's next, right? 🤔"
Politics,"Honestly can't keep up with politics anymore 😩. Everyone's shouting but who's actually listening? Time for less arguing and more solutions. #PoliticsToday #Frustrated Honestly, it's fascinating how quickly things are changing. Makes you wonder what's next, right? 🤔"
Entertainment,"Seriously, the movie I watched yesterday changed my life. Still processing. 10/10 would recommend 🍿🎬 #MovieNight #MustWatch Honestly, it's fascinating how quickly things are changing. Makes you wonder what's next, right? 🤔 Honestly, it's fascinating how quickly things are changing. Makes you wonder what's next, right? 🤔"
Technology,"Just saw the latest tech release and honestly, my mind is blown 🤯! How do they keep coming up with this stuff?! Innovation at its peak. #TechLife #Innovation Honestly, it's fascinating how quickly things are changing. Makes you wonder what's next, right? 🤔"
Artificial Intelligence,"Can’t believe AI can now create art, write stories, and even diagnose illnesses. We're living in the future, y'all 🤯 #AIRevolution #FutureIsNow Honestly, it's fascinating how quickly things are changing. Makes you wonder what's next, right? 🤔 Honestly, it's fascinating how quickly things are changing. Makes you wonder what's next, right? 🤔"
Artificial Intelligence,"Can’t believe AI can now create art, write stories, and even diagnose illnesses. We're living in the future, y'all 🤯 #AIRevolution #FutureIsNow Honestly, it's fascinating how quickly things are changing. Makes you wonder what's next, right? 🤔 Honestly, it's fascinating how quickly things are changing. Makes you wonder what's next, right? 🤔"
Technology,"Just saw the latest tech release and honestly, my mind is blown 🤯! How do they keep coming up with this stuff?! Innovation at its peak. #TechLife #Innovation Honestly, it's fascinating how quickly things are changing. Makes you wonder what's next, right? 🤔"
Sports,"Incredible performance by the team today! Absolute legends. Moments like this are why we love sports 🙌⚽️ #TeamSpirit #Victory Honestly, it's fascinating how quickly things are changing. Makes you wonder what's next, right? 🤔 Honestly, it's fascinating how quickly things are changing. Makes you wonder what's next, right? 🤔"
Health & Wellness,"Real talk: eating healthy and staying active has totally changed my mood and energy levels! Highly recommend giving it a shot 🌱🏃‍♀️ #HealthyLiving #FeelGood Honestly, it's fascinating how quickly things are changing. Makes you wonder what's next, right? 🤔"
Space Exploration,"Every time there's news about Mars or the moon, I’m glued to the screen. Space exploration is fascinating! 🌙✨ #MarsMission #SpaceFan Honestly, it's fascinating how quickly things are changing. Makes you wonder what's next, right? 🤔 Honestly, it's fascinating how quickly things are changing. Makes you wonder what's next, right? 🤔"
Artificial Intelligence,"AI tech is advancing crazy fast—exciting and scary at the same time 🤖😳. Hope we use it wisely! #ArtificialIntelligence #TechTalk Honestly, it's fascinating how quickly things are changing. Makes you wonder what's next, right? 🤔 Honestly, it's fascinating how quickly things are changing. Makes you wonder what's next, right? 🤔"
Health & Wellness,"Taking care of your mental health is SO important! Never underestimate the power of a good break and some self-love. 💆‍♂️✨ #Wellness #SelfCareSunday Honestly, it's fascinating how quickly things are changing. Makes you wonder what's next, right? 🤔 Honestly, it's fascinating how quickly things are changing. Makes you wonder what's next, right? 🤔"
Sports,"Incredible performance by the team today! Absolute legends. Moments like this are why we love sports 🙌⚽️ #TeamSpirit #Victory Honestly, it's fascinating how quickly things are changing. Makes you wonder what's next, right? 🤔 Honestly, it's fascinating how quickly things are changing. Makes you wonder what's next, right? 🤔"
Finance & Economy,"Adulting means realizing how important financial literacy is 💸📈. Wish they taught this stuff in school! #FinanceTips #MoneyMatters Honestly, it's fascinating how quickly things are changing. Makes you wonder what's next, right? 🤔 Honestly, it's fascinating how quickly things are changing. Makes you wonder what's next, right? 🤔"
Artificial Intelligence,"Can’t believe AI can now create art, write stories, and even diagnose illnesses. We're living in the future, y'all 🤯 #AIRevolution #FutureIsNow Honestly, it's fascinating how quickly things are changing. Makes you wonder what's next, right? 🤔 Honestly, it's fascinating how quickly things are changing. Makes you wonder what's next, right? 🤔"
Social Media Trends,"These social media trends move way too fast! Just when I catch up, there's something new 😅📱 Anyone else feel like this? #Trending #SocialMediaLife Honestly, it's fascinating how quickly things are changing. Makes you wonder what's next, right? 🤔 Honestly, it's fascinating how quickly things are changing. Makes you wonder what's next, right? 🤔"
Finance & Economy,"Watching the economy lately has me nervous about my wallet 😅. Time to budget smarter and spend wisely. #Economy #BudgetLife Honestly, it's fascinating how quickly things are changing. Makes you wonder what's next, right? 🤔 Honestly, it's fascinating how quickly things are changing. Makes you wonder what's next, right? 🤔"
Technology,"Just saw the latest tech release and honestly, my mind is blown 🤯! How do they keep coming up with this stuff?! Innovation at its peak. #TechLife #Innovation Honestly, it's fascinating how quickly things are changing. Makes you wonder what's next, right? 🤔"
Space Exploration,"Every time there's news about Mars or the moon, I’m glued to the screen. Space exploration is fascinating! 🌙✨ #MarsMission #SpaceFan Honestly, it's fascinating how quickly things are changing. Makes you wonder what's next, right? 🤔 Honestly, it's fascinating how quickly things are changing. Makes you wonder what's next, right? 🤔"
Finance & Economy,"Watching the economy lately has me nervous about my wallet 😅. Time to budget smarter and spend wisely. #Economy #BudgetLife Honestly, it's fascinating how quickly things are changing. Makes you wonder what's next, right? 🤔 Honestly, it's fascinating how quickly things are changing. Makes you wonder what's next, right? 🤔"
Sports,"Incredible performance by the team today! Absolute legends. Moments like this are why we love sports 🙌⚽️ #TeamSpirit #Victory Honestly, it's fascinating how quickly things are changing. Makes you wonder what's next, right? 🤔 Honestly, it's fascinating how quickly things are changing. Makes you wonder what's next, right? 🤔"
Sports,"That game last night had me on edge! Heart racing until the last second 🏀🔥 Sports truly bring out all the emotions! #SportsFan #GameNight Honestly, it's fascinating how quickly things are changing. Makes you wonder what's next, right? 🤔 Honestly, it's fascinating how quickly things are changing. Makes you wonder what's next, right? 🤔"
Finance & Economy,"Watching the economy lately has me nervous about my wallet 😅. Time to budget smarter and spend wisely. #Economy #BudgetLife Honestly, it's fascinating how quickly things are changing. Makes you wonder what's next, right? 🤔 Honestly, it's fascinating how quickly things are changing. Makes you wonder what's next, right? 🤔"
Social Media Trends,"These social media trends move way too fast! Just when I catch up, there's something new 😅📱 Anyone else feel like this? #Trending #SocialMediaLife Honestly, it's fascinating how quickly things are changing. Makes you wonder what's next, right? 🤔 Honestly, it's fascinating how quickly things are changing. Makes you wonder what's next, right? 🤔"
Politics,"Politicians promise the world but deliver little. When will they learn we need actions, not empty words? 🤔 #ChangeIsNeeded #RealTalk Honestly, it's fascinating how quickly things are changing. Makes you wonder what's next, right? 🤔 Honestly, it's fascinating how quickly things are changing. Makes you wonder what's next, right? 🤔"
Politics,"Honestly can't keep up with politics anymore 😩. Everyone's shouting but who's actually listening? Time for less arguing and more solutions. #PoliticsToday #Frustrated Honestly, it's fascinating how quickly things are changing. Makes you wonder what's next, right? 🤔"
Sports,"Incredible performance by the team today! Absolute legends. Moments like this are why we love sports 🙌⚽️ #TeamSpirit #Victory Honestly, it's fascinating how quickly things are changing. Makes you wonder what's next, right? 🤔 Honestly, it's fascinating how quickly things are changing. Makes you wonder what's next, right? 🤔"
Sports,"Incredible performance by the team today! Absolute legends. Moments like this are why we love sports 🙌⚽️ #TeamSpirit #Victory Honestly, it's fascinating how quickly things are changing. Makes you wonder what's next, right? 🤔 Honestly, it's fascinating how quickly things are changing. Makes you wonder what's next, right? 🤔"
Climate Change,"Every time I see climate change news, I get anxious. 🌍💔 We gotta step up our game for the planet, folks. #ClimateAction #EcoFriendly Honestly, it's fascinating how quickly things are changing. Makes you wonder what's next, right? 🤔 Honestly, it's fascinating how quickly things are changing. Makes you wonder what's next, right? 🤔"
Technology,"Can't decide if AI is amazing or terrifying. Probably both, right? 😂 The future is gonna be wild! #AI #FutureTech Honestly, it's fascinating how quickly things are changing. Makes you wonder what's next, right? 🤔 Honestly, it's fascinating how quickly things are changing. Makes you wonder what's next, right? 🤔"
Space Exploration,"Every time there's news about Mars or the moon, I’m glued to the screen. Space exploration is fascinating! 🌙✨ #MarsMission #SpaceFan Honestly, it's fascinating how quickly things are changing. Makes you wonder what's next, right? 🤔 Honestly, it's fascinating how quickly things are changing. Makes you wonder what's next, right? 🤔"
Space Exploration,"Every time there's news about Mars or the moon, I’m glued to the screen. Space exploration is fascinating! 🌙✨ #MarsMission #SpaceFan Honestly, it's fascinating how quickly things are changing. Makes you wonder what's next, right? 🤔 Honestly, it's fascinating how quickly things are changing. Makes you wonder what's next, right? 🤔"
Climate Change,"Seeing wildfires and floods everywhere is heartbreaking. Time to get serious about protecting Earth 🌎 #ActNow #ClimateCrisis Honestly, it's fascinating how quickly things are changing. Makes you wonder what's next, right? 🤔 Honestly, it's fascinating how quickly things are changing. Makes you wonder what's next, right? 🤔"
Space Exploration,"Space news lately is like a sci-fi movie becoming reality 🚀👽! Humans are really out here exploring the universe. So cool! #SpaceExploration #Science Honestly, it's fascinating how quickly things are changing. Makes you wonder what's next, right? 🤔 Honestly, it's fascinating how quickly things are changing. Makes you wonder what's next, right? 🤔"
Social Media Trends,"Social media is wild—one moment we're laughing, the next debating serious issues. What a rollercoaster 🎢 #OnlineLife #DigitalAge Honestly, it's fascinating how quickly things are changing. Makes you wonder what's next, right? 🤔 Honestly, it's fascinating how quickly things are changing. Makes you wonder what's next, right? 🤔"
Social Media Trends,"These social media trends move way too fast! Just when I catch up, there's something new 😅📱 Anyone else feel like this? #Trending #SocialMediaLife Honestly, it's fascinating how quickly things are changing. Makes you wonder what's next, right? 🤔 Honestly, it's fascinating how quickly things are changing. Makes you wonder what's next, right? 🤔"
Finance & Economy,"Adulting means realizing how important financial literacy is 💸📈. Wish they taught this stuff in school! #FinanceTips #MoneyMatters Honestly, it's fascinating how quickly things are changing. Makes you wonder what's next, right? 🤔 Honestly, it's fascinating how quickly things are changing. Makes you wonder what's next, right? 🤔"
Technology,"Can't decide if AI is amazing or terrifying. Probably both, right? 😂 The future is gonna be wild! #AI #FutureTech Honestly, it's fascinating how quickly things are changing. Makes you wonder what's next, right? 🤔 Honestly, it's fascinating how quickly things are changing. Makes you wonder what's next, right? 🤔"
Health & Wellness,"Taking care of your mental health is SO important! Never underestimate the power of a good break and some self-love. 💆‍♂️✨ #Wellness #SelfCareSunday Honestly, it's fascinating how quickly things are changing. Makes you wonder what's next, right? 🤔 Honestly, it's fascinating how quickly things are changing. Makes you wonder what's next, right? 🤔"
Artificial Intelligence,"AI tech is advancing crazy fast—exciting and scary at the same time 🤖😳. Hope we use it wisely! #ArtificialIntelligence #TechTalk Honestly, it's fascinating how quickly things are changing. Makes you wonder what's next, right? 🤔 Honestly, it's fascinating how quickly things are changing. Makes you wonder what's next, right? 🤔"
Entertainment,"Seriously, the movie I watched yesterday changed my life. Still processing. 10/10 would recommend 🍿🎬 #MovieNight #MustWatch Honestly, it's fascinating how quickly things are changing. Makes you wonder what's next, right? 🤔 Honestly, it's fascinating how quickly things are changing. Makes you wonder what's next, right? 🤔"
Politics,"Politicians promise the world but deliver little. When will they learn we need actions, not empty words? 🤔 #ChangeIsNeeded #RealTalk Honestly, it's fascinating how quickly things are changing. Makes you wonder what's next, right? 🤔 Honestly, it's fascinating how quickly things are changing. Makes you wonder what's next, right? 🤔"
Politics,"Honestly can't keep up with politics anymore 😩. Everyone's shouting but who's actually listening? Time for less arguing and more solutions. #PoliticsToday #Frustrated Honestly, it's fascinating how quickly things are changing. Makes you wonder what's next, right? 🤔"
Politics,"Honestly can't keep up with politics anymore 😩. Everyone's shouting but who's actually listening? Time for less arguing and more solutions. #PoliticsToday #Frustrated Honestly, it's fascinating how quickly things are changing. Makes you wonder what's next, right? 🤔"
Entertainment,"Seriously, the movie I watched yesterday changed my life. Still processing. 10/10 would recommend 🍿🎬 #MovieNight #MustWatch Honestly, it's fascinating how quickly things are changing. Makes you wonder what's next, right? 🤔 Honestly, it's fascinating how quickly things are changing. Makes you wonder what's next, right? 🤔"
Technology,"Can't decide if AI is amazing or terrifying. Probably both, right? 😂 The future is gonna be wild! #AI #FutureTech Honestly, it's fascinating how quickly things are changing. Makes you wonder what's next, right? 🤔 Honestly, it's fascinating how quickly things are changing. Makes you wonder what's next, right? 🤔"
Finance & Economy,"Watching the economy lately has me nervous about my wallet 😅. Time to budget smarter and spend wisely. #Economy #BudgetLife Honestly, it's fascinating how quickly things are changing. Makes you wonder what's next, right? 🤔 Honestly, it's fascinating how quickly things are changing. Makes you wonder what's next, right? 🤔"
Entertainment,"Seriously, the movie I watched yesterday changed my life. Still processing. 10/10 would recommend 🍿🎬 #MovieNight #MustWatch Honestly, it's fascinating how quickly things are changing. Makes you wonder what's next, right? 🤔 Honestly, it's fascinating how quickly things are changing. Makes you wonder what's next, right? 🤔"
Space Exploration,"Space news lately is like a sci-fi movie becoming reality 🚀👽! Humans are really out here exploring the universe. So cool! #SpaceExploration #Science Honestly, it's fascinating how quickly things are changing. Makes you wonder what's next, right? 🤔 Honestly, it's fascinating how quickly things are changing. Makes you wonder what's next, right? 🤔"
Health & Wellness,"Real talk: eating healthy and staying active has totally changed my mood and energy levels! Highly recommend giving it a shot 🌱🏃‍♀️ #HealthyLiving #FeelGood Honestly, it's fascinating how quickly things are changing. Makes you wonder what's next, right? 🤔"
Sports,"That game last night had me on edge! Heart racing until the last second 🏀🔥 Sports truly bring out all the emotions! #SportsFan #GameNight Honestly, it's fascinating how quickly things are changing. Makes you wonder what's next, right? 🤔 Honestly, it's fascinating how quickly things are changing. Makes you wonder what's next, right? 🤔"
Social Media Trends,"These social media trends move way too fast! Just when I catch up, there's something new 😅📱 Anyone else feel like this? #Trending #SocialMediaLife Honestly, it's fascinating how quickly things are changing. Makes you wonder what's next, right? 🤔 Honestly, it's fascinating how quickly things are changing. Makes you wonder what's next, right? 🤔"
Space Exploration,"Every time there's news about Mars or the moon, I’m glued to the screen. Space exploration is fascinating! 🌙✨ #MarsMission #SpaceFan Honestly, it's fascinating how quickly things are changing. Makes you wonder what's next, right? 🤔 Honestly, it's fascinating how quickly things are changing. Makes you wonder what's next, right? 🤔"
Sports,"That game last night had me on edge! Heart racing until the last second 🏀🔥 Sports truly bring out all the emotions! #SportsFan #GameNight Honestly, it's fascinating how quickly things are changing. Makes you wonder what's next, right? 🤔 Honestly, it's fascinating how quickly things are changing. Makes you wonder what's next, right? 🤔"
Health & Wellness,"Real talk: eating healthy and staying active has totally changed my mood and energy levels! Highly recommend giving it a shot 🌱🏃‍♀️ #HealthyLiving #FeelGood Honestly, it's fascinating how quickly things are changing. Makes you wonder what's next, right? 🤔"
Technology,"Can't decide if AI is amazing or terrifying. Probably both, right? 😂 The future is gonna be wild! #AI #FutureTech Honestly, it's fascinating how quickly things are changing. Makes you wonder what's next, right? 🤔 Honestly, it's fascinating how quickly things are changing. Makes you wonder what's next, right? 🤔"
Space Exploration,"Space news lately is like a sci-fi movie becoming reality 🚀👽! Humans are really out here exploring the universe. So cool! #SpaceExploration #Science Honestly, it's fascinating how quickly things are changing. Makes you wonder what's next, right? 🤔 Honestly, it's fascinating how quickly things are changing. Makes you wonder what's next, right? 🤔"
Technology,"Can't decide if AI is amazing or terrifying. Probably both, right? 😂 The future is gonna be wild! #AI #FutureTech Honestly, it's fascinating how quickly things are changing. Makes you wonder what's next, right? 🤔 Honestly, it's fascinating how quickly things are changing. Makes you wonder what's next, right? 🤔"
Climate Change,"Every time I see climate change news, I get anxious. 🌍💔 We gotta step up our game for the planet, folks. #ClimateAction #EcoFriendly Honestly, it's fascinating how quickly things are changing. Makes you wonder what's next, right? 🤔 Honestly, it's fascinating how quickly things are changing. Makes you wonder what's next, right? 🤔"
Sports,"That game last night had me on edge! Heart racing until the last second 🏀🔥 Sports truly bring out all the emotions! #SportsFan #GameNight Honestly, it's fascinating how quickly things are changing. Makes you wonder what's next, right? 🤔 Honestly, it's fascinating how quickly things are changing. Makes you wonder what's next, right? 🤔"
Health & Wellness,"Taking care of your mental health is SO important! Never underestimate the power of a good break and some self-love. 💆‍♂️✨ #Wellness #SelfCareSunday Honestly, it's fascinating how quickly things are changing. Makes you wonder what's next, right? 🤔 Honestly, it's fascinating how quickly things are changing. Makes you wonder what's next, right? 🤔"
Sports,"Incredible performance by the team today! Absolute legends. Moments like this are why we love sports 🙌⚽️ #TeamSpirit #Victory Honestly, it's fascinating how quickly things are changing. Makes you wonder what's next, right? 🤔 Honestly, it's fascinating how quickly things are changing. Makes you wonder what's next, right? 🤔"
Finance & Economy,"Adulting means realizing how important financial literacy is 💸📈. Wish they taught this stuff in school! #FinanceTips #MoneyMatters Honestly, it's fascinating how quickly things are changing. Makes you wonder what's next, right? 🤔 Honestly, it's fascinating how quickly things are changing. Makes you wonder what's next, right? 🤔"
Finance & Economy,"Adulting means realizing how important financial literacy is 💸📈. Wish they taught this stuff in school! #FinanceTips #MoneyMatters Honestly, it's fascinating how quickly things are changing. Makes you wonder what's next, right? 🤔 Honestly, it's fascinating how quickly things are changing. Makes you wonder what's next, right? 🤔"
Climate Change,"Seeing wildfires and floods everywhere is heartbreaking. Time to get serious about protecting Earth 🌎 #ActNow #ClimateCrisis Honestly, it's fascinating how quickly things are changing. Makes you wonder what's next, right? 🤔 Honestly, it's fascinating how quickly things are changing. Makes you wonder what's next, right? 🤔"
Entertainment,"Seriously, the movie I watched yesterday changed my life. Still processing. 10/10 would recommend 🍿🎬 #MovieNight #MustWatch Honestly, it's fascinating how quickly things are changing. Makes you wonder what's next, right? 🤔 Honestly, it's fascinating how quickly things are changing. Makes you wonder what's next, right? 🤔"
Sports,"That game last night had me on edge! Heart racing until the last second 🏀🔥 Sports truly bring out all the emotions! #SportsFan #GameNight Honestly, it's fascinating how quickly things are changing. Makes you wonder what's next, right? 🤔 Honestly, it's fascinating how quickly things are changing. Makes you wonder what's next, right? 🤔"
Technology,"Can't decide if AI is amazing or terrifying. Probably both, right? 😂 The future is gonna be wild! #AI #FutureTech Honestly, it's fascinating how quickly things are changing. Makes you wonder what's next, right? 🤔 Honestly, it's fascinating how quickly things are changing. Makes you wonder what's next, right? 🤔"
Politics,"Politicians promise the world but deliver little. When will they learn we need actions, not empty words? 🤔 #ChangeIsNeeded #RealTalk Honestly, it's fascinating how quickly things are changing. Makes you wonder what's next, right? 🤔 Honestly, it's fascinating how quickly things are changing. Makes you wonder what's next, right? 🤔"
Climate Change,"Seeing wildfires and floods everywhere is heartbreaking. Time to get serious about protecting Earth 🌎 #ActNow #ClimateCrisis Honestly, it's fascinating how quickly things are changing. Makes you wonder what's next, right? 🤔 Honestly, it's fascinating how quickly things are changing. Makes you wonder what's next, right? 🤔"
Entertainment,"Seriously, the movie I watched yesterday changed my life. Still processing. 10/10 would recommend 🍿🎬 #MovieNight #MustWatch Honestly, it's fascinating how quickly things are changing. Makes you wonder what's next, right? 🤔 Honestly, it's fascinating how quickly things are changing. Makes you wonder what's next, right? 🤔"
Artificial Intelligence,"Can’t believe AI can now create art, write stories, and even diagnose illnesses. We're living in the future, y'all 🤯 #AIRevolution #FutureIsNow Honestly, it's fascinating how quickly things are changing. Makes you wonder what's next, right? 🤔 Honestly, it's fascinating how quickly things are changing. Makes you wonder what's next, right? 🤔"
Social Media Trends,"Social media is wild—one moment we're laughing, the next debating serious issues. What a rollercoaster 🎢 #OnlineLife #DigitalAge Honestly, it's fascinating how quickly things are changing. Makes you wonder what's next, right? 🤔 Honestly, it's fascinating how quickly things are changing. Makes you wonder what's next, right? 🤔"
Technology,"Can't decide if AI is amazing or terrifying. Probably both, right? 😂 The future is gonna be wild! #AI #FutureTech Honestly, it's fascinating how quickly things are changing. Makes you wonder what's next, right? 🤔 Honestly, it's fascinating how quickly things are changing. Makes you wonder what's next, right? 🤔"
Politics,"Honestly can't keep up with politics anymore 😩. Everyone's shouting but who's actually listening? Time for less arguing and more solutions. #PoliticsToday #Frustrated Honestly, it's fascinating how quickly things are changing. Makes you wonder what's next, right? 🤔"
Health & Wellness,"Real talk: eating healthy and staying active has totally changed my mood and energy levels! Highly recommend giving it a shot 🌱🏃‍♀️ #HealthyLiving #FeelGood Honestly, it's fascinating how quickly things are changing. Makes you wonder what's next, right? 🤔"
Health & Wellness,"Real talk: eating healthy and staying active has totally changed my mood and energy levels! Highly recommend giving it a shot 🌱🏃‍♀️ #HealthyLiving #FeelGood Honestly, it's fascinating how quickly things are changing. Makes you wonder what's next, right? 🤔"
Health & Wellness,"Real talk: eating healthy and staying active has totally changed my mood and energy levels! Highly recommend giving it a shot 🌱🏃‍♀️ #HealthyLiving #FeelGood Honestly, it's fascinating how quickly things are changing. Makes you wonder what's next, right? 🤔"
Entertainment,"Seriously, the movie I watched yesterday changed my life. Still processing. 10/10 would recommend 🍿🎬 #MovieNight #MustWatch Honestly, it's fascinating how quickly things are changing. Makes you wonder what's next, right? 🤔 Honestly, it's fascinating how quickly things are changing. Makes you wonder what's next, right? 🤔"
Finance & Economy,"Watching the economy lately has me nervous about my wallet 😅. Time to budget smarter and spend wisely. #Economy #BudgetLife Honestly, it's fascinating how quickly things are changing. Makes you wonder what's next, right? 🤔 Honestly, it's fascinating how quickly things are changing. Makes you wonder what's next, right? 🤔"
Artificial Intelligence,"Can’t believe AI can now create art, write stories, and even diagnose illnesses. We're living in the future, y'all 🤯 #AIRevolution #FutureIsNow Honestly, it's fascinating how quickly things are changing. Makes you wonder what's next, right? 🤔 Honestly, it's fascinating how quickly things are changing. Makes you wonder what's next, right? 🤔"
Health & Wellness,"Real talk: eating healthy and staying active has totally changed my mood and energy levels! Highly recommend giving it a shot 🌱🏃‍♀️ #HealthyLiving #FeelGood Honestly, it's fascinating how quickly things are changing. Makes you wonder what's next, right? 🤔"
Health & Wellness,"Real talk: eating healthy and staying active has totally changed my mood and energy levels! Highly recommend giving it a shot 🌱🏃‍♀️ #HealthyLiving #FeelGood Honestly, it's fascinating how quickly things are changing. Makes you wonder what's next, right? 🤔"
Technology,"Just saw the latest tech release and honestly, my mind is blown 🤯! How do they keep coming up with this stuff?! Innovation at its peak. #TechLife #Innovation Honestly, it's fascinating how quickly things are changing. Makes you wonder what's next, right? 🤔"
Technology,"Just saw the latest tech release and honestly, my mind is blown 🤯! How do they keep coming up with this stuff?! Innovation at its peak. #TechLife #Innovation Honestly, it's fascinating how quickly things are changing. Makes you wonder what's next, right? 🤔"
Health & Wellness,"Real talk: eating healthy and staying active has totally changed my mood and energy levels! Highly recommend giving it a shot 🌱🏃‍♀️ #HealthyLiving #FeelGood Honestly, it's fascinating how quickly things are changing. Makes you wonder what's next, right? 🤔"
Entertainment,"Seriously, the movie I watched yesterday changed my life. Still processing. 10/10 would recommend 🍿🎬 #MovieNight #MustWatch Honestly, it's fascinating how quickly things are changing. Makes you wonder what's next, right? 🤔 Honestly, it's fascinating how quickly things are changing. Makes you wonder what's next, right? 🤔"
Sports,"Incredible performance by the team today! Absolute legends. Moments like this are why we love sports 🙌⚽️ #TeamSpirit #Victory Honestly, it's fascinating how quickly things are changing. Makes you wonder what's next, right? 🤔 Honestly, it's fascinating how quickly things are changing. Makes you wonder what's next, right? 🤔"
Finance & Economy,"Watching the economy lately has me nervous about my wallet 😅. Time to budget smarter and spend wisely. #Economy #BudgetLife Honestly, it's fascinating how quickly things are changing. Makes you wonder what's next, right? 🤔 Honestly, it's fascinating how quickly things are changing. Makes you wonder what's next, right? 🤔"
Artificial Intelligence,"Can’t believe AI can now create art, write stories, and even diagnose illnesses. We're living in the future, y'all 🤯 #AIRevolution #FutureIsNow Honestly, it's fascinating how quickly things are changing. Makes you wonder what's next, right? 🤔 Honestly, it's fascinating how quickly things are changing. Makes you wonder what's next, right? 🤔"
Sports,"Incredible performance by the team today! Absolute legends. Moments like this are why we love sports 🙌⚽️ #TeamSpirit #Victory Honestly, it's fascinating how quickly things are changing. Makes you wonder what's next, right? 🤔 Honestly, it's fascinating how quickly things are changing. Makes you wonder what's next, right? 🤔"
Politics,"Honestly can't keep up with politics anymore 😩. Everyone's shouting but who's actually listening? Time for less arguing and more solutions. #PoliticsToday #Frustrated Honestly, it's fascinating how quickly things are changing. Makes you wonder what's next, right? 🤔"
Social Media Trends,"These social media trends move way too fast! Just when I catch up, there's something new 😅📱 Anyone else feel like this? #Trending #SocialMediaLife Honestly, it's fascinating how quickly things are changing. Makes you wonder what's next, right? 🤔 Honestly, it's fascinating how quickly things are changing. Makes you wonder what's next, right? 🤔"
Climate Change,"Every time I see climate change news, I get anxious. 🌍💔 We gotta step up our game for the planet, folks. #ClimateAction #EcoFriendly Honestly, it's fascinating how quickly things are changing. Makes you wonder what's next, right? 🤔 Honestly, it's fascinating how quickly things are changing. Makes you wonder what's next, right? 🤔"
Politics,"Politicians promise the world but deliver little. When will they learn we need actions, not empty words? 🤔 #ChangeIsNeeded #RealTalk Honestly, it's fascinating how quickly things are changing. Makes you wonder what's next, right? 🤔 Honestly, it's fascinating how quickly things are changing. Makes you wonder what's next, right? 🤔"
Technology,"Can't decide if AI is amazing or terrifying. Probably both, right? 😂 The future is gonna be wild! #AI #FutureTech Honestly, it's fascinating how quickly things are changing. Makes you wonder what's next, right? 🤔 Honestly, it's fascinating how quickly things are changing. Makes you wonder what's next, right? 🤔"
Health & Wellness,"Taking care of your mental health is SO important! Never underestimate the power of a good break and some self-love. 💆‍♂️✨ #Wellness #SelfCareSunday Honestly, it's fascinating how quickly things are changing. Makes you wonder what's next, right? 🤔 Honestly, it's fascinating how quickly things are changing. Makes you wonder what's next, right? 🤔"
Finance & Economy,"Adulting means realizing how important financial literacy is 💸📈. Wish they taught this stuff in school! #FinanceTips #MoneyMatters Honestly, it's fascinating how quickly things are changing. Makes you wonder what's next, right? 🤔 Honestly, it's fascinating how quickly things are changing. Makes you wonder what's next, right? 🤔"
Finance & Economy,"Watching the economy lately has me nervous about my wallet 😅. Time to budget smarter and spend wisely. #Economy #BudgetLife Honestly, it's fascinating how quickly things are changing. Makes you wonder what's next, right? 🤔 Honestly, it's fascinating how quickly things are changing. Makes you wonder what's next, right? 🤔"
Technology,"Can't decide if AI is amazing or terrifying. Probably both, right? 😂 The future is gonna be wild! #AI #FutureTech Honestly, it's fascinating how quickly things are changing. Makes you wonder what's next, right? 🤔 Honestly, it's fascinating how quickly things are changing. Makes you wonder what's next, right? 🤔"
Climate Change,"Seeing wildfires and floods everywhere is heartbreaking. Time to get serious about protecting Earth 🌎 #ActNow #ClimateCrisis Honestly, it's fascinating how quickly things are changing. Makes you wonder what's next, right? 🤔 Honestly, it's fascinating how quickly things are changing. Makes you wonder what's next, right? 🤔"
Entertainment,"Seriously, the movie I watched yesterday changed my life. Still processing. 10/10 would recommend 🍿🎬 #MovieNight #MustWatch Honestly, it's fascinating how quickly things are changing. Makes you wonder what's next, right? 🤔 Honestly, it's fascinating how quickly things are changing. Makes you wonder what's next, right? 🤔"
Entertainment,"Anyone else still emotionally recovering from that finale last night? 😭 TV has officially peaked! #BingeWatching #TVAddict Honestly, it's fascinating how quickly things are changing. Makes you wonder what's next, right? 🤔 Honestly, it's fascinating how quickly things are changing. Makes you wonder what's next, right? 🤔"
Health & Wellness,"Real talk: eating healthy and staying active has totally changed my mood and energy levels! Highly recommend giving it a shot 🌱🏃‍♀️ #HealthyLiving #FeelGood Honestly, it's fascinating how quickly things are changing. Makes you wonder what's next, right? 🤔"
Artificial Intelligence,"AI tech is advancing crazy fast—exciting and scary at the same time 🤖😳. Hope we use it wisely! #ArtificialIntelligence #TechTalk Honestly, it's fascinating how quickly things are changing. Makes you wonder what's next, right? 🤔 Honestly, it's fascinating how quickly things are changing. Makes you wonder what's next, right? 🤔"
Social Media Trends,"These social media trends move way too fast! Just when I catch up, there's something new 😅📱 Anyone else feel like this? #Trending #SocialMediaLife Honestly, it's fascinating how quickly things are changing. Makes you wonder what's next, right? 🤔 Honestly, it's fascinating how quickly things are changing. Makes you wonder what's next, right? 🤔"
Technology,"Just saw the latest tech release and honestly, my mind is blown 🤯! How do they keep coming up with this stuff?! Innovation at its peak. #TechLife #Innovation Honestly, it's fascinating how quickly things are changing. Makes you wonder what's next, right? 🤔"
Politics,"Politicians promise the world but deliver little. When will they learn we need actions, not empty words? 🤔 #ChangeIsNeeded #RealTalk Honestly, it's fascinating how quickly things are changing. Makes you wonder what's next, right? 🤔 Honestly, it's fascinating how quickly things are changing. Makes you wonder what's next, right? 🤔"
Entertainment,"Seriously, the movie I watched yesterday changed my life. Still processing. 10/10 would recommend 🍿🎬 #MovieNight #MustWatch Honestly, it's fascinating how quickly things are changing. Makes you wonder what's next, right? 🤔 Honestly, it's fascinating how quickly things are changing. Makes you wonder what's next, right? 🤔"
Artificial Intelligence,"AI tech is advancing crazy fast—exciting and scary at the same time 🤖😳. Hope we use it wisely! #ArtificialIntelligence #TechTalk Honestly, it's fascinating how quickly things are changing. Makes you wonder what's next, right? 🤔 Honestly, it's fascinating how quickly things are changing. Makes you wonder what's next, right? 🤔"
Artificial Intelligence,"AI tech is advancing crazy fast—exciting and scary at the same time 🤖😳. Hope we use it wisely! #ArtificialIntelligence #TechTalk Honestly, it's fascinating how quickly things are changing. Makes you wonder what's next, right? 🤔 Honestly, it's fascinating how quickly things are changing. Makes you wonder what's next, right? 🤔"
Social Media Trends,"Social media is wild—one moment we're laughing, the next debating serious issues. What a rollercoaster 🎢 #OnlineLife #DigitalAge Honestly, it's fascinating how quickly things are changing. Makes you wonder what's next, right? 🤔 Honestly, it's fascinating how quickly things are changing. Makes you wonder what's next, right? 🤔"
Climate Change,"Every time I see climate change news, I get anxious. 🌍💔 We gotta step up our game for the planet, folks. #ClimateAction #EcoFriendly Honestly, it's fascinating how quickly things are changing. Makes you wonder what's next, right? 🤔 Honestly, it's fascinating how quickly things are changing. Makes you wonder what's next, right? 🤔"
Social Media Trends,"These social media trends move way too fast! Just when I catch up, there's something new 😅📱 Anyone else feel like this? #Trending #SocialMediaLife Honestly, it's fascinating how quickly things are changing. Makes you wonder what's next, right? 🤔 Honestly, it's fascinating how quickly things are changing. Makes you wonder what's next, right? 🤔"
Climate Change,"Every time I see climate change news, I get anxious. 🌍💔 We gotta step up our game for the planet, folks. #ClimateAction #EcoFriendly Honestly, it's fascinating how quickly things are changing. Makes you wonder what's next, right? 🤔 Honestly, it's fascinating how quickly things are changing. Makes you wonder what's next, right? 🤔"
Finance & Economy,"Adulting means realizing how important financial literacy is 💸📈. Wish they taught this stuff in school! #FinanceTips #MoneyMatters Honestly, it's fascinating how quickly things are changing. Makes you wonder what's next, right? 🤔 Honestly, it's fascinating how quickly things are changing. Makes you wonder what's next, right? 🤔"
Sports,"Incredible performance by the team today! Absolute legends. Moments like this are why we love sports 🙌⚽️ #TeamSpirit #Victory Honestly, it's fascinating how quickly things are changing. Makes you wonder what's next, right? 🤔 Honestly, it's fascinating how quickly things are changing. Makes you wonder what's next, right? 🤔"
Finance & Economy,"Adulting means realizing how important financial literacy is 💸📈. Wish they taught this stuff in school! #FinanceTips #MoneyMatters Honestly, it's fascinating how quickly things are changing. Makes you wonder what's next, right? 🤔 Honestly, it's fascinating how quickly things are changing. Makes you wonder what's next, right? 🤔"
Artificial Intelligence,"AI tech is advancing crazy fast—exciting and scary at the same time 🤖😳. Hope we use it wisely! #ArtificialIntelligence #TechTalk Honestly, it's fascinating how quickly things are changing. Makes you wonder what's next, right? 🤔 Honestly, it's fascinating how quickly things are changing. Makes you wonder what's next, right? 🤔"
Artificial Intelligence,"AI tech is advancing crazy fast—exciting and scary at the same time 🤖😳. Hope we use it wisely! #ArtificialIntelligence #TechTalk Honestly, it's fascinating how quickly things are changing. Makes you wonder what's next, right? 🤔 Honestly, it's fascinating how quickly things are changing. Makes you wonder what's next, right? 🤔"
Health & Wellness,"Real talk: eating healthy and staying active has totally changed my mood and energy levels! Highly recommend giving it a shot 🌱🏃‍♀️ #HealthyLiving #FeelGood Honestly, it's fascinating how quickly things are changing. Makes you wonder what's next, right? 🤔"
Social Media Trends,"These social media trends move way too fast! Just when I catch up, there's something new 😅📱 Anyone else feel like this? #Trending #SocialMediaLife Honestly, it's fascinating how quickly things are changing. Makes you wonder what's next, right? 🤔 Honestly, it's fascinating how quickly things are changing. Makes you wonder what's next, right? 🤔"
Health & Wellness,"Real talk: eating healthy and staying active has totally changed my mood and energy levels! Highly recommend giving it a shot 🌱🏃‍♀️ #HealthyLiving #FeelGood Honestly, it's fascinating how quickly things are changing. Makes you wonder what's next, right? 🤔"
Climate Change,"Seeing wildfires and floods everywhere is heartbreaking. Time to get serious about protecting Earth 🌎 #ActNow #ClimateCrisis Honestly, it's fascinating how quickly things are changing. Makes you wonder what's next, right? 🤔 Honestly, it's fascinating how quickly things are changing. Makes you wonder what's next, right? 🤔"
Politics,"Honestly can't keep up with politics anymore 😩. Everyone's shouting but who's actually listening? Time for less arguing and more solutions. #PoliticsToday #Frustrated Honestly, it's fascinating how quickly things are changing. Makes you wonder what's next, right? 🤔"
Artificial Intelligence,"AI tech is advancing crazy fast—exciting and scary at the same time 🤖😳. Hope we use it wisely! #ArtificialIntelligence #TechTalk Honestly, it's fascinating how quickly things are changing. Makes you wonder what's next, right? 🤔 Honestly, it's fascinating how quickly things are changing. Makes you wonder what's next, right? 🤔"
Artificial Intelligence,"AI tech is advancing crazy fast—exciting and scary at the same time 🤖😳. Hope we use it wisely! #ArtificialIntelligence #TechTalk Honestly, it's fascinating how quickly things are changing. Makes you wonder what's next, right? 🤔 Honestly, it's fascinating how quickly things are changing. Makes you wonder what's next, right? 🤔"
Space Exploration,"Space news lately is like a sci-fi movie becoming reality 🚀👽! Humans are really out here exploring the universe. So cool! #SpaceExploration #Science Honestly, it's fascinating how quickly things are changing. Makes you wonder what's next, right? 🤔 Honestly, it's fascinating how quickly things are changing. Makes you wonder what's next, right? 🤔"
Finance & Economy,"Adulting means realizing how important financial literacy is 💸📈. Wish they taught this stuff in school! #FinanceTips #MoneyMatters Honestly, it's fascinating how quickly things are changing. Makes you wonder what's next, right? 🤔 Honestly, it's fascinating how quickly things are changing. Makes you wonder what's next, right? 🤔"
Sports,"That game last night had me on edge! Heart racing until the last second 🏀🔥 Sports truly bring out all the emotions! #SportsFan #GameNight Honestly, it's fascinating how quickly things are changing. Makes you wonder what's next, right? 🤔 Honestly, it's fascinating how quickly things are changing. Makes you wonder what's next, right? 🤔"
Politics,"Politicians promise the world but deliver little. When will they learn we need actions, not empty words? 🤔 #ChangeIsNeeded #RealTalk Honestly, it's fascinating how quickly things are changing. Makes you wonder what's next, right? 🤔 Honestly, it's fascinating how quickly things are changing. Makes you wonder what's next, right? 🤔"
Artificial Intelligence,"Can’t believe AI can now create art, write stories, and even diagnose illnesses. We're living in the future, y'all 🤯 #AIRevolution #FutureIsNow Honestly, it's fascinating how quickly things are changing. Makes you wonder what's next, right? 🤔 Honestly, it's fascinating how quickly things are changing. Makes you wonder what's next, right? 🤔"
Sports,"That game last night had me on edge! Heart racing until the last second 🏀🔥 Sports truly bring out all the emotions! #SportsFan #GameNight Honestly, it's fascinating how quickly things are changing. Makes you wonder what's next, right? 🤔 Honestly, it's fascinating how quickly things are changing. Makes you wonder what's next, right? 🤔"
Technology,"Can't decide if AI is amazing or terrifying. Probably both, right? 😂 The future is gonna be wild! #AI #FutureTech Honestly, it's fascinating how quickly things are changing. Makes you wonder what's next, right? 🤔 Honestly, it's fascinating how quickly things are changing. Makes you wonder what's next, right? 🤔"
Health & Wellness,"Real talk: eating healthy and staying active has totally changed my mood and energy levels! Highly recommend giving it a shot 🌱🏃‍♀️ #HealthyLiving #FeelGood Honestly, it's fascinating how quickly things are changing. Makes you wonder what's next, right? 🤔"
Space Exploration,"Space news lately is like a sci-fi movie becoming reality 🚀👽! Humans are really out here exploring the universe. So cool! #SpaceExploration #Science Honestly, it's fascinating how quickly things are changing. Makes you wonder what's next, right? 🤔 Honestly, it's fascinating how quickly things are changing. Makes you wonder what's next, right? 🤔"
Technology,"Just saw the latest tech release and honestly, my mind is blown 🤯! How do they keep coming up with this stuff?! Innovation at its peak. #TechLife #Innovation Honestly, it's fascinating how quickly things are changing. Makes you wonder what's next, right? 🤔"
Entertainment,"Anyone else still emotionally recovering from that finale last night? 😭 TV has officially peaked! #BingeWatching #TVAddict Honestly, it's fascinating how quickly things are changing. Makes you wonder what's next, right? 🤔 Honestly, it's fascinating how quickly things are changing. Makes you wonder what's next, right? 🤔"
Social Media Trends,"These social media trends move way too fast! Just when I catch up, there's something new 😅📱 Anyone else feel like this? #Trending #SocialMediaLife Honestly, it's fascinating how quickly things are changing. Makes you wonder what's next, right? 🤔 Honestly, it's fascinating how quickly things are changing. Makes you wonder what's next, right? 🤔"
Sports,"That game last night had me on edge! Heart racing until the last second 🏀🔥 Sports truly bring out all the emotions! #SportsFan #GameNight Honestly, it's fascinating how quickly things are changing. Makes you wonder what's next, right? 🤔 Honestly, it's fascinating how quickly things are changing. Makes you wonder what's next, right? 🤔"
Social Media Trends,"Social media is wild—one moment we're laughing, the next debating serious issues. What a rollercoaster 🎢 #OnlineLife #DigitalAge Honestly, it's fascinating how quickly things are changing. Makes you wonder what's next, right? 🤔 Honestly, it's fascinating how quickly things are changing. Makes you wonder what's next, right? 🤔"
Politics,"Honestly can't keep up with politics anymore 😩. Everyone's shouting but who's actually listening? Time for less arguing and more solutions. #PoliticsToday #Frustrated Honestly, it's fascinating how quickly things are changing. Makes you wonder what's next, right? 🤔"
Health & Wellness,"Real talk: eating healthy and staying active has totally changed my mood and energy levels! Highly recommend giving it a shot 🌱🏃‍♀️ #HealthyLiving #FeelGood Honestly, it's fascinating how quickly things are changing. Makes you wonder what's next, right? 🤔"
Health & Wellness,"Real talk: eating healthy and staying active has totally changed my mood and energy levels! Highly recommend giving it a shot 🌱🏃‍♀️ #HealthyLiving #FeelGood Honestly, it's fascinating how quickly things are changing. Makes you wonder what's next, right? 🤔"
Artificial Intelligence,"AI tech is advancing crazy fast—exciting and scary at the same time 🤖😳. Hope we use it wisely! #ArtificialIntelligence #TechTalk Honestly, it's fascinating how quickly things are changing. Makes you wonder what's next, right? 🤔 Honestly, it's fascinating how quickly things are changing. Makes you wonder what's next, right? 🤔"
Entertainment,"Anyone else still emotionally recovering from that finale last night? 😭 TV has officially peaked! #BingeWatching #TVAddict Honestly, it's fascinating how quickly things are changing. Makes you wonder what's next, right? 🤔 Honestly, it's fascinating how quickly things are changing. Makes you wonder what's next, right? 🤔"
Sports,"That game last night had me on edge! Heart racing until the last second 🏀🔥 Sports truly bring out all the emotions! #SportsFan #GameNight Honestly, it's fascinating how quickly things are changing. Makes you wonder what's next, right? 🤔 Honestly, it's fascinating how quickly things are changing. Makes you wonder what's next, right? 🤔"
Climate Change,"Every time I see climate change news, I get anxious. 🌍💔 We gotta step up our game for the planet, folks. #ClimateAction #EcoFriendly Honestly, it's fascinating how quickly things are changing. Makes you wonder what's next, right? 🤔 Honestly, it's fascinating how quickly things are changing. Makes you wonder what's next, right? 🤔"
Climate Change,"Every time I see climate change news, I get anxious. 🌍💔 We gotta step up our game for the planet, folks. #ClimateAction #EcoFriendly Honestly, it's fascinating how quickly things are changing. Makes you wonder what's next, right? 🤔 Honestly, it's fascinating how quickly things are changing. Makes you wonder what's next, right? 🤔"
Sports,"Incredible performance by the team today! Absolute legends. Moments like this are why we love sports 🙌⚽️ #TeamSpirit #Victory Honestly, it's fascinating how quickly things are changing. Makes you wonder what's next, right? 🤔 Honestly, it's fascinating how quickly things are changing. Makes you wonder what's next, right? 🤔"
Politics,"Honestly can't keep up with politics anymore 😩. Everyone's shouting but who's actually listening? Time for less arguing and more solutions. #PoliticsToday #Frustrated Honestly, it's fascinating how quickly things are changing. Makes you wonder what's next, right? 🤔"
Social Media Trends,"Social media is wild—one moment we're laughing, the next debating serious issues. What a rollercoaster 🎢 #OnlineLife #DigitalAge Honestly, it's fascinating how quickly things are changing. Makes you wonder what's next, right? 🤔 Honestly, it's fascinating how quickly things are changing. Makes you wonder what's next, right? 🤔"
Politics,"Politicians promise the world but deliver little. When will they learn we need actions, not empty words? 🤔 #ChangeIsNeeded #RealTalk Honestly, it's fascinating how quickly things are changing. Makes you wonder what's next, right? 🤔 Honestly, it's fascinating how quickly things are changing. Makes you wonder what's next, right? 🤔"
Health & Wellness,"Real talk: eating healthy and staying active has totally changed my mood and energy levels! Highly recommend giving it a shot 🌱🏃‍♀️ #HealthyLiving #FeelGood Honestly, it's fascinating how quickly things are changing. Makes you wonder what's next, right? 🤔"
Entertainment,"Anyone else still emotionally recovering from that finale last night? 😭 TV has officially peaked! #BingeWatching #TVAddict Honestly, it's fascinating how quickly things are changing. Makes you wonder what's next, right? 🤔 Honestly, it's fascinating how quickly things are changing. Makes you wonder what's next, right? 🤔"
Entertainment,"Seriously, the movie I watched yesterday changed my life. Still processing. 10/10 would recommend 🍿🎬 #MovieNight #MustWatch Honestly, it's fascinating how quickly things are changing. Makes you wonder what's next, right? 🤔 Honestly, it's fascinating how quickly things are changing. Makes you wonder what's next, right? 🤔"
Space Exploration,"Every time there's news about Mars or the moon, I’m glued to the screen. Space exploration is fascinating! 🌙✨ #MarsMission #SpaceFan Honestly, it's fascinating how quickly things are changing. Makes you wonder what's next, right? 🤔 Honestly, it's fascinating how quickly things are changing. Makes you wonder what's next, right? 🤔"
Artificial Intelligence,"AI tech is advancing crazy fast—exciting and scary at the same time 🤖😳. Hope we use it wisely! #ArtificialIntelligence #TechTalk Honestly, it's fascinating how quickly things are changing. Makes you wonder what's next, right? 🤔 Honestly, it's fascinating how quickly things are changing. Makes you wonder what's next, right? 🤔"
Politics,"Politicians promise the world but deliver little. When will they learn we need actions, not empty words? 🤔 #ChangeIsNeeded #RealTalk Honestly, it's fascinating how quickly things are changing. Makes you wonder what's next, right? 🤔 Honestly, it's fascinating how quickly things are changing. Makes you wonder what's next, right? 🤔"
Finance & Economy,"Watching the economy lately has me nervous about my wallet 😅. Time to budget smarter and spend wisely. #Economy #BudgetLife Honestly, it's fascinating how quickly things are changing. Makes you wonder what's next, right? 🤔 Honestly, it's fascinating how quickly things are changing. Makes you wonder what's next, right? 🤔"
Technology,"Just saw the latest tech release and honestly, my mind is blown 🤯! How do they keep coming up with this stuff?! Innovation at its peak. #TechLife #Innovation Honestly, it's fascinating how quickly things are changing. Makes you wonder what's next, right? 🤔"
Social Media Trends,"Social media is wild—one moment we're laughing, the next debating serious issues. What a rollercoaster 🎢 #OnlineLife #DigitalAge Honestly, it's fascinating how quickly things are changing. Makes you wonder what's next, right? 🤔 Honestly, it's fascinating how quickly things are changing. Makes you wonder what's next, right? 🤔"
Sports,"That game last night had me on edge! Heart racing until the last second 🏀🔥 Sports truly bring out all the emotions! #SportsFan #GameNight Honestly, it's fascinating how quickly things are changing. Makes you wonder what's next, right? 🤔 Honestly, it's fascinating how quickly things are changing. Makes you wonder what's next, right? 🤔"
Politics,"Politicians promise the world but deliver little. When will they learn we need actions, not empty words? 🤔 #ChangeIsNeeded #RealTalk Honestly, it's fascinating how quickly things are changing. Makes you wonder what's next, right? 🤔 Honestly, it's fascinating how quickly things are changing. Makes you wonder what's next, right? 🤔"
