id,topic,tweet
1,Space,"Space is a vast, mysterious realm that sparks curiosity and wonder in all of us. From the twinkling stars to the swirling galaxies, there is endless beauty and intrigue waiting to be explored. Let's marvel at the cosmic wonders above and dream of the possibilities that lie beyond"
2,Cooking,"Cooking is an art that allows us to express creativity, share love, and bring joy to others through delicious flavors and aromas. Whether you're a seasoned chef or a novice in the kitchen, every dish you create has the power to nourish both body and soul. Embrace the process, sav"
3,Music,"Music has the incredible power to transport us to different worlds, evoke deep emotions, and connect us with others in ways words cannot. Whether it's the soothing melody of a lullaby or the energizing beat of a dance tune, music has the ability to shape our experiences and uplif"
4,History,"History teaches us where we come from, shapes who we are, and guides us towards the future. It is a tapestry woven with triumphs, tragedies, and lessons waiting to be learned. Let us honor the past, embrace the present, and strive to create a better tomorrow through the wisdom of"
5,Fitness,"Consistency is key in fitness. Focus on progress, not perfection. Remember, every small step you take toward your fitness goals is a step in the right direction. Stay committed, stay motivated, and most importantly, believe in yourself. You've got this! 💪🏋️‍♂️ #FitnessJourney"
6,Space,"Space is a mesmerizing realm that ignites our curiosity and sparks our imagination. From the dazzling stars to the mysterious black holes, it reminds us of the infinite possibilities that lie beyond our Earthly confines. Let's continue to explore, discover, and marvel at the wond"
7,Books,"Books have the power to transport us to different worlds, ignite our imaginations, and broaden our perspectives. They are a gateway to knowledge, empathy, and understanding. Let's cherish the magic of books and never stop exploring the endless possibilities they offer. 📚✨ #Books "
8,Relationships,"Building a strong relationship requires communication, trust, and compromise. It's about supporting each other through life's ups and downs, and growing together as individuals. Remember, it's not always easy, but the effort is always worth it in the end. #RelationshipGoals"
9,Travel,"""Travel is not just about the destination, but the journey itself. Embrace the unknown, open your mind to new experiences, and let the adventure transform you. Whether it's a short getaway or a long expedition, every trip has the power to create memories that last a lifetime. Bon"
10,Climate Change,"Climate change is a global crisis that requires urgent action. Rising temperatures, extreme weather events, and melting ice caps are all signs that we must prioritize sustainability and reduce greenhouse gas emissions. Together, we can make a difference and protect our planet for"
11,Art,"Art is a powerful expression of human creativity and emotion, transcending language and culture to connect us all. It has the ability to evoke deep feelings, provoke thought, and inspire change. Let's continue to appreciate, support, and create art in all its forms. #ArtisticExpr"
12,AI,"Artificial Intelligence is revolutionizing industries by enhancing efficiency, accuracy, and decision-making processes. From healthcare to finance, AI is transforming the way we live and work. Embracing AI technologies will be crucial for staying competitive in the rapidly evolvi"
13,AI,"Artificial Intelligence continues to revolutionize industries worldwide, enhancing efficiency, accuracy, and decision-making processes. As AI technology advances, it's crucial to prioritize ethical considerations to ensure responsible and beneficial integration into society. #AI "
14,Books,"Immerse yourself in a world of endless possibilities, knowledge, and adventure with books. From gripping tales to insightful wisdom, books have the power to transport you to new realms and expand your mind. Open a book today and let the magic unfold before your very eyes. #Books "
15,Gaming,"Gaming is more than just a hobby; it's a way to escape reality, connect with friends, and challenge ourselves. Whether you're a casual player or a hardcore gamer, the thrill of exploring new worlds and conquering obstacles is a universal experience that brings us together. Let's "
16,AI,"Artificial Intelligence is revolutionizing industries worldwide, from healthcare to finance. As AI continues to advance, it's crucial to prioritize ethical considerations and ensure its development aligns with human values. The future is bright with AI, but responsible innovation"
17,Entrepreneurship,"Entrepreneurship is not just about starting a business; it's about embracing uncertainty, taking risks, and continuously learning and adapting. It's a journey of resilience, creativity, and relentless pursuit of turning dreams into reality. #Entrepreneurship #Success #BusinessMin"
18,AI,"Artificial Intelligence is revolutionizing industries with its ability to analyze vast amounts of data and make informed decisions. From healthcare to finance, AI is reshaping the way we work and live. Embracing this technology will be crucial for businesses to stay competitive i"
19,Productivity,"Boost your productivity by setting clear goals, prioritizing tasks, minimizing distractions, taking breaks, and staying organized. Remember, small consistent efforts lead to big results. Stay focused and watch your productivity soar! 🚀 #productivitytips #successmindset"
20,Art,"Art has the power to transcend language and culture, connecting us on a deeper level. It allows us to express our emotions, share our stories, and challenge societal norms. Whether through paintings, sculptures, music, or dance, art has the ability to inspire, provoke thought, an"
21,Space,"Space is the final frontier, a vast expanse of mystery waiting to be explored. From distant galaxies to black holes, it holds the key to unlocking the secrets of the universe. As we gaze up at the stars, we are reminded of how small we are in the grand scheme of things. Let's con"
22,History,"History is a tapestry woven with the threads of triumphs and tribulations, of heroes and villains, of progress and setbacks. Each chapter tells a story of human resilience, innovation, and evolution. Embrace the past, learn from it, and let it guide us towards a brighter future."
23,Art,"Art is not just about creating something beautiful; it's a reflection of our world, our emotions, our experiences. It has the power to inspire, provoke thought, and evoke strong emotions. Whether you're an artist or an admirer, art has the ability to connect us all on a deeper le"
24,Climate Change,"Climate change is not a distant threat, it is happening now. It affects our health, food supply, economy, and ecosystems. We must act urgently by reducing emissions, transitioning to clean energy, and protecting our planet for future generations. Together, we can make a differenc"
25,Travel,"Embark on a journey to immerse yourself in new cultures, taste exotic cuisines, and witness breathtaking landscapes. Travel opens your mind, broadens your horizons, and creates unforgettable memories. Whether exploring bustling cities or serene beaches, every adventure is a chanc"
26,History,"History isn't just facts and dates; it's the tapestry of human experiences woven together through time. By understanding our past, we gain insight into who we are today and how we can shape the future. Embrace the lessons of history and let them guide us towards a brighter tomorr"
27,Books,"Dive into the enchanting worlds of books, where imagination knows no bounds and knowledge awaits at every turn of a page. Let the words captivate your soul, ignite your curiosity, and transport you to realms beyond your wildest dreams. Embrace the power of storytelling and get lo"
28,Relationships,"Strong relationships are built on communication, trust, and respect. Cherish the bond you have with your loved ones and always make an effort to nurture and strengthen it. Remember, it's the quality of your connections that truly enrich your life. #Relationships #Love #Communicat"
29,Travel,"Embark on a journey of self-discovery through travel. Explore new cultures, taste exotic cuisines, and create unforgettable memories. Whether it's a bustling city or a serene beach, every destination has a story to tell. So pack your bags and let the world be your guide. #TravelG"
30,Productivity,"Maximizing productivity isn't about doing more tasks, it's about doing the right tasks efficiently. Prioritize your workload, minimize distractions, and set realistic goals to achieve optimal productivity. Remember, quality over quantity is key in maximizing your efficiency. 🚀 #p"
31,Travel,"Embark on a journey of discovery and growth through travel. Explore new cultures, taste exotic cuisines, and create unforgettable memories. Travel opens our minds, broadens our horizons, and reminds us of the beauty and diversity of the world. Where will your next adventure take "
32,Art,"Art has the power to evoke emotion, provoke thought, and inspire change. It breaks boundaries, challenges norms, and connects us all through shared expression. Whether it's a painting, a song, a dance, or a story, art has the ability to transcend language and speak to the depths "
33,Art,"Art has the power to evoke emotions, spark conversations, and challenge perspectives. It serves as a reflection of society, history, and culture, capturing moments in time that words cannot express. Let's celebrate the beauty and diversity of art in all its forms. #ArtisticExpres"
34,Gaming,"Immerse yourself in epic adventures, solve challenging puzzles, and connect with friends from around the world - all through the power of gaming. Whether you prefer console, PC, or mobile, there's a game out there waiting to transport you to a whole new world of excitement and fu"
35,Relationships,"Relationships are like a garden - they require attention, care, and nurturing to grow strong and beautiful. Just as we tend to our plants, we must also tend to our connections with others, watering them with love, communication, and understanding to help them flourish and thrive."
36,Education,"Education is not just about memorizing facts; it's about fostering critical thinking, creativity, and problem-solving skills. Let's empower our students to become lifelong learners who can adapt to an ever-changing world and make a positive impact on society. #EducationMatters"
37,Relationships,"Building a strong relationship requires trust, communication, and mutual respect. It's about supporting each other through highs and lows, celebrating successes together, and being there during challenges. True connections are nurtured with love, understanding, and patience. #Rel"
38,History,"History is a treasure trove of knowledge, a tapestry woven with the threads of human experiences. It teaches us about our past, guides us in the present, and illuminates the path to our future. Embrace the lessons of history, for they are the keys to unlocking a better tomorrow."
39,Fitness,"Get your heart pumping and muscles working with a mix of cardio, strength training, and flexibility exercises. Consistency is key to reaching your fitness goals, so find activities you enjoy and make them a regular part of your routine. Your body will thank you! 💪🏋️‍♀️ #FitnessGo"
40,Entrepreneurship,"Entrepreneurship is a journey of resilience, creativity, and determination. It's about taking risks, learning from failures, and embracing opportunities. Every setback is a chance to grow stronger and every success is a stepping stone to new heights. Keep hustling and never stop "
41,Social Media,"Social media has revolutionized how we connect, share, and communicate. It's a powerful tool for spreading ideas, building communities, and staying informed. But let's remember to use it mindfully, responsibly, and authentically to cultivate meaningful connections and positive in"
42,Entrepreneurship,"Entrepreneurship is not just about starting a business, it's about embracing uncertainty, taking risks, and constantly learning and evolving. It's a journey that challenges you to think creatively, persevere through failures, and ultimately, create your own path to success. #Entr"
43,Space,"Space is the final frontier, full of endless mysteries waiting to be explored. From the vast galaxies to the smallest particles, the universe holds secrets that captivate our imagination. Every discovery brings us closer to understanding our place in the cosmos and the wonders th"
44,Productivity,"Striving for productivity isn't about doing more tasks, it's about doing the right things efficiently. Focus on priorities, eliminate distractions, and establish a routine that maximizes your energy and creativity. Remember, it's not about being busy, it's about being productive."
45,Travel,"Embark on a journey where the destination is just the beginning. Travel opens our minds, broadens our perspectives, and connects us to the world. From bustling cities to serene landscapes, every adventure is a story waiting to be written. So pack your bags and let the wanderlust "
46,Climate Change,"Climate change is real. It's not just about polar bears and melting ice caps - it's about the future of our planet and all living things. We must take action now to reduce emissions, protect our ecosystems, and create a sustainable future for generations to come. #ClimateChange #"
47,Technology,"Technology continues to shape the world with advancements that enhance our lives in countless ways. From artificial intelligence to virtual reality, the possibilities are endless. Embracing innovation and staying curious about what the future holds is key in this fast-paced digit"
48,AI,"Artificial Intelligence is transforming industries worldwide with its ability to analyze vast amounts of data and make decisions at lightning speed. Embracing AI technology can lead to increased efficiency, improved accuracy, and innovative solutions to complex problems. The futu"
49,Social Media,"Social media has transformed the way we connect and share information, but it's important to remember the impact of our online actions. Let's strive to be mindful of what we post, promote positivity, and use these platforms to uplift others. Together, we can create a more inclusi"
50,Fitness,"Staying active isn't just about looking good, it's about feeling good. Embrace the journey to better health through fitness - challenge yourself, break personal records, and prioritize your well-being. The sweat, the soreness, the dedication - it's all worth it in the end. Keep p"
51,Technology,"Technology constantly evolves, shaping how we live, work, and connect with each other. Embrace the advancements, adapt to the changes, and leverage the power of innovation to create a brighter future for all. Stay curious, stay engaged, and stay open to the possibilities that tec"
52,AI,"Artificial Intelligence is revolutionizing industries worldwide, from healthcare to finance. With its ability to analyze vast amounts of data and make predictions, AI is shaping the future of technology. Embracing AI can lead to increased efficiency, improved decision-making, and"
53,AI,"Artificial Intelligence continues to revolutionize industries by enhancing efficiency, predicting trends, and enabling personalized experiences. From healthcare to finance, AI is transforming the way we work and live, ushering in a new era of innovation and possibilities. #AI #in"
54,Relationships,"Relationships are like a garden - they require patience, nurturing, and time to grow. Communication is the sunlight that helps them flourish, trust is the soil that keeps them grounded, and love is the water that sustains them. Take care of your garden, and watch it bloom into so"
55,Climate Change,"Climate change is happening now & we must act fast. Rising temperatures, extreme weather events, melting ice caps - the signs are all around us. We need to reduce greenhouse gas emissions, transition to renewable energy sources, & protect our planet for future generations. #ActOn"
56,Books,"Dive into the magical world of books where words dance on pages, transporting you to distant lands and sparking your imagination. Open a book today and embark on a journey of endless possibilities and knowledge waiting to be discovered. Let the words guide you to new horizons. 📚✨"
57,History,"History is a tapestry woven with threads of triumph and tragedy, shaping the world we live in today. It teaches us lessons of the past, guiding our present decisions and shaping our future. Embrace the richness of history, for it holds the key to understanding who we are and wher"
58,Travel,"Embark on a journey to unknown lands, where every road leads to new adventures and every sunrise brings a fresh perspective. Travel not just to see the world, but to discover yourself in the process. Let wanderlust be your guide as you explore the wonders of this vast and diverse"
59,Relationships,"In a healthy relationship, both partners should feel supported, respected, and valued. Communication, trust, and empathy are the cornerstones of a strong foundation. Remember, it's not about finding someone perfect, but finding someone who is willing to grow and evolve with you."
60,Gaming,"Dive into immersive worlds, conquer epic quests, and connect with friends across the globe – gaming offers endless opportunities for adventure and camaraderie. Whether you prefer solo missions or multiplayer battles, the gaming community is a vibrant space where creativity and sk"
61,Music,"Music has the power to unite us all, transcending language and borders. It can evoke powerful emotions, spark memories, and inspire change. Whether you're into rock, pop, jazz, or classical, there's a genre for everyone. Let the rhythm guide you and the melody move you. 🎶 #MusicI"
62,Music,"Music is the universal language that speaks to our souls, transcending barriers and connecting us all. Whether it's the soothing melodies of a lullaby or the energetic beats of a dance track, music has the power to evoke emotions and bring people together in harmony. Let the musi"
63,Cooking,"Cooking is a form of art that allows us to express creativity, love, and culture through delicious dishes. Whether you're following a recipe or improvising with ingredients, every meal cooked with passion has the power to bring people together and create lasting memories. Embrace"
64,Cooking,"Get creative in the kitchen by experimenting with new recipes and ingredients. Cooking is a form of self-expression that allows you to nourish your body and soul. From simple meals to complex dishes, every moment spent in the kitchen is an opportunity to explore new flavors and t"
65,Technology,"Technology is transforming the way we live, work, and connect with each other. From artificial intelligence to virtual reality, the possibilities are endless. Let's embrace the power of technology to create a better future for all. #innovation #techrevolution"
66,Gaming,"Immerse yourself in the world of gaming, where challenges await and friendships are forged. From epic adventures to strategic battles, every game offers a unique experience. So grab your controller, join the fun, and let the games begin! 🎮✨ #gaming #gamers #videogames"
67,History,"History is a tapestry woven with the threads of triumphs and tragedies, courage and cowardice. It is a mirror reflecting the past, a compass guiding the present, and a beacon illuminating the future. Let us learn from its lessons, honor its heroes, and strive to create a legacy w"
68,Productivity,"Maximizing productivity requires effective time management, clear goals, regular breaks, and prioritizing tasks. Stay focused, eliminate distractions, and take small steps towards your objectives each day. Remember, progress, not perfection, is the key to success. Keep pushing fo"
69,Technology,"Technology is more than just devices; it's a tool for progress and innovation. From artificial intelligence to renewable energy, it has the power to shape the future. Embrace its potential, adapt to its evolution, and use it responsibly to create a better tomorrow for all. #techn"
70,Psychology,"Psychology explores the mysteries of the mind, unraveling the complexities of human behavior and emotions. From cognitive processes to mental health, it delves deep into understanding what drives us, shapes our personalities, and influences our relationships. A fascinating journe"
71,Relationships,"Relationships are like a garden – they require constant nurturing, attention, and care to flourish. Communication, trust, and support are the seeds that, when tended to with love and commitment, grow into a beautiful and lasting bond that withstands the tests of time. #relationsh"
72,History,"History is not just a series of events, but a reflection of humanity's journey. It teaches us valuable lessons, shaping our present and guiding our future. By understanding where we come from, we can create a better world for generations to come. Embrace the past to transform the"
73,Movies,"Movies have the power to transport us to different worlds, evoke a range of emotions, and spark important conversations. From heartwarming stories to thrilling adventures, there's a film for every mood. Let's celebrate the magic of movies and the impact they have on our lives. 🎬🍿"
74,Cooking,"Cooking is an art that brings people together, creating delicious meals and unforgettable memories. From chopping and sautéing to simmering and seasoning, every step is a labor of love. Whether you're a beginner or a master chef, the kitchen is a place where creativity knows no b"
75,Gaming,"Immerse yourself in virtual worlds, conquer epic quests, and connect with friends through the power of gaming. Whether you prefer intense action or relaxing simulations, gaming offers endless possibilities for entertainment and creativity. Level up your skills and make unforgetta"
76,Books,"Books open doors to worlds unknown, minds unexplored, and hearts uncharted. They hold the power to educate, inspire, and transform. In a book, one can find solace, adventure, wisdom, and escape. Let us cherish the written word and the magic it brings into our lives. 📚✨"
77,Psychology,"Psychology is the fascinating study of the human mind and behavior, delving into why we think, feel, and act the way we do. By understanding our psychological processes, we can improve our mental well-being, relationships, and overall quality of life. #psychology #mindfulness"
78,Fitness,"Don't let the fear of failure hold you back from achieving your fitness goals. Every workout, every healthy meal choice, every step counts towards progress. Stay consistent, stay focused, and remember that you are capable of so much more than you think. Keep pushing yourself, you"
79,Relationships,"True relationships are built on trust, communication, and mutual respect. It's not about finding someone perfect, but someone who's willing to grow and evolve alongside you. Cherish the journey of discovering each other's strengths and flaws, for that's where true connection lies"
80,Productivity,"Mastering productivity isn't about doing more tasks, it's about doing the right tasks efficiently. Prioritize your workload, eliminate distractions, and focus on one task at a time. Remember, it's not about being busy, it's about being productive. Quality over quantity is key."
81,Entrepreneurship,"Entrepreneurship is about taking risks, embracing failure, and constantly learning and adapting. It's the journey of turning ideas into reality, solving problems, and making a positive impact on the world. Keep pushing boundaries, challenging the status quo, and never stop believ"
82,AI,"Artificial Intelligence is transforming industries worldwide, from healthcare to finance. As AI continues to advance, its potential to drive innovation and change our world is limitless. Embracing AI technology can lead to more efficient processes, personalized experiences, and g"
83,History,"History is a vast tapestry of human experiences, woven together by the threads of triumphs, tragedies, and transformations. Each event, each individual, contributes to the intricate narrative that shapes our present and guides our future. Embrace the lessons of the past to naviga"
84,Climate Change,"Climate change is real, urgent, and happening now. We must act swiftly and decisively to reduce greenhouse gas emissions, transition to clean energy sources, and protect our planet for future generations. The time to act is now. #ClimateChange #ActOnClimate"
85,Books,"Immerse yourself in different worlds, expand your knowledge, and ignite your imagination all within the pages of a book. Books have the power to inspire, educate, and entertain us. Let's keep turning those pages and exploring the endless possibilities that books have to offer. 📚🌟"
86,Cooking,"Cooking is an art form that allows us to express creativity, culture, and love through food. It's a therapeutic process that brings people together and nourishes both the body and soul. Whether you're following a recipe or improvising, the act of cooking is a beautiful way to car"
87,Movies,"Movies have the power to transport us to different worlds, evoke strong emotions, and inspire us to dream big. Whether it's a thrilling action-packed blockbuster or a heartfelt romance, there's a movie out there for everyone. So grab some popcorn, sit back, and let the magic of c"
88,Space,"Space is not just vast emptiness, but a canvas of endless possibilities waiting to be explored. From the twinkling stars to mysterious black holes, it holds the secrets of our universe. Let's keep looking up with wonder and curiosity, for space is the ultimate frontier of discove"
89,Movies,"Movies have a way of transporting us to different worlds, making us laugh, cry, and feel every emotion in between. They inspire us, challenge us, and bring us together. Whether it's a blockbuster hit or an indie gem, there's a movie out there for everyone to enjoy and connect wit"
90,Climate Change,"Climate change is a pressing issue that requires urgent action from all of us. We must prioritize sustainability, reduce greenhouse gas emissions, and protect our planet for future generations. Together, we can make a difference and create a more sustainable world for all. #Clima"
91,AI,"Artificial Intelligence is revolutionizing industries worldwide, from healthcare to finance. As AI continues to advance, it's crucial to prioritize ethical considerations to ensure responsible development and deployment. Let's harness the power of AI for the greater good of socie"
92,Cooking,"Get ready to fire up the stove and unleash your creativity in the kitchen! Cooking is not just about recipes, it's about harnessing flavors, textures, and aromas to create a masterpiece. So grab your apron, sharpen your knives, and let the magic of cooking transform simple ingred"
93,Fitness,"Transform your body, transform your life. Consistency is key in the journey to fitness. Embrace the challenge, push past your limits, and watch yourself evolve into the strongest version of yourself. Remember, progress is progress, no matter how small. Keep moving forward. #Fitne"
94,Entrepreneurship,"Entrepreneurship is not just about creating a successful business, but about embracing failure, taking risks, and constantly innovating. It's a mindset that dares to dream big, perseveres through challenges, and shapes a better future for all. Keep hustling, keep growing, keep be"
95,Climate Change,"Climate change is a pressing issue that requires urgent action. We must all work together to reduce carbon emissions, protect our planet, and create a sustainable future for generations to come. It's time to prioritize the health of our planet over short-term gains. #ClimateChang"
96,Technology,"Technology is a powerful tool that shapes our world, enabling connectivity, innovation, and efficiency. From artificial intelligence to renewable energy solutions, the possibilities are endless. Embrace the future and harness the potential of technology to drive positive change i"
97,Travel,"Travel opens our minds to new perspectives, cultures, and experiences. It allows us to break free from our comfort zones and embrace the unknown. Whether it's a road trip or a flight across the world, every journey has the potential to transform us in ways we never imagined. ✈️🌍 "
98,Relationships,"Relationships are like gardens, they require consistent care and nurturing to flourish. Communication is the water that sustains them, trust is the soil in which they grow, and love is the sunlight that keeps them thriving. Cultivate your relationships with intention and watch th"
99,Climate Change,"Climate change is real and urgent. Rising temperatures, extreme weather events, and melting ice caps are clear signs of the crisis we face. It's time for immediate action to reduce emissions, transition to renewable energy, and protect our planet for future generations. #ClimateC"
100,Books,"Books open doors to new worlds, expand our minds, and ignite our imagination. From thrilling adventures to profound insights, each page turned is a journey of discovery. Let's keep turning the pages and getting lost in the magic of storytelling. #Books #ReadingCommunity"
101,Technology,"Technology has revolutionized the way we live, work, and connect with others. From smartphones to AI, innovation continues to shape our future. Embracing the digital age opens up endless possibilities for advancement and growth. Stay curious, stay innovative, and let technology p"
102,Art,"Art is a reflection of the soul, a window into the depths of human emotion and experience. It has the power to inspire, provoke thought, and unite people from all walks of life. Through art, we can find beauty, meaning, and connection in a world that often feels chaotic and confu"
103,Travel,"Traveling opens your mind to new cultures, foods, and ways of life. It broadens your perspective and teaches you valuable lessons. Whether you're exploring a new city or relaxing on a beach, every journey holds the potential for growth and unforgettable memories. Embrace the adve"
104,Mental Health,"Taking care of your mental health is just as important as taking care of your physical health. Remember, it's okay to not be okay sometimes. Reach out for help, talk to someone you trust, and prioritize self-care. Your mental well-being matters. #MentalHealthAwareness"
105,Travel,"Embark on a journey to new horizons, where culture and adventure intertwine. Travel opens our minds, broadens our perspectives, and fills our hearts with unforgettable memories. From bustling cities to serene landscapes, let the world be your playground as you explore, learn, and"
106,Climate Change,"Climate change is a threat to our planet's future. We must act now to reduce emissions, transition to renewable energy sources, protect ecosystems, and advocate for sustainable practices. Our collective efforts are crucial in combating this global crisis and preserving a habitabl"
107,Gaming,"Immerse yourself in captivating worlds, conquer epic quests, and connect with gamers worldwide through the power of gaming. From thrilling adventures to fierce competitions, gaming offers endless possibilities for entertainment, creativity, and community. Level up your experience"
108,Cooking,"Cooking is not just about following recipes, it's about expressing creativity and passion through flavors and aromas. Whether you're a seasoned chef or a beginner in the kitchen, the joy of cooking lies in the process of transforming simple ingredients into delicious meals that b"
109,Art,"Art is the universal language that transcends boundaries and connects us all. It has the power to evoke emotions, inspire change, and spark imagination. Whether through painting, sculpture, music, or dance, art has the ability to shape our world and make it more beautiful. Embrac"
110,Music,"Music has the power to transport us to different worlds, evoke deep emotions, and connect us in ways nothing else can. Whether it's the soothing melodies of a lullaby or the energizing beats of a dance track, music is a universal language that unites us all in harmony. Let the mu"
111,Productivity,"Productivity is not about doing more tasks, but about focusing on the important ones that will bring you closer to your goals. Prioritize, eliminate distractions, and dedicate your time and energy to what truly matters. Quality over quantity is the key to achieving success."
112,Mental Health,"Taking care of your mental health is just as important as your physical health. Remember to prioritize self-care, seek support when needed, and practice mindfulness. It's okay not to be okay sometimes, but reaching out for help is a sign of strength, not weakness. Your well-being"
113,Fitness,"Dedication to fitness isn't just about physical appearance, it's about mental strength, discipline, and self-care. Every drop of sweat shed is a step closer to a healthier, stronger version of yourself. Keep pushing, keep challenging yourself, and remember that progress is progre"
114,Relationships,"Relationships are like a garden - they require attention, care, and effort to thrive. Communication, trust, and support are the seeds that blossom into a beautiful connection. Remember, it's not about finding the perfect person, but being the perfect partner through love and unde"
115,Productivity,"Productivity is not about doing more tasks, but about doing the right tasks efficiently. Focus on priorities, eliminate distractions, and manage your time effectively to achieve your goals. Remember, it's not about being busy, it's about being productive. Quality over quantity!"
116,Art,"Art has the power to transcend language and connect people on a deeper level. It can evoke emotions, spark conversations, and challenge perceptions. Whether through paintings, sculptures, music, or dance, art has the ability to inspire, provoke, and move us in ways that words can"
117,Entrepreneurship,"Entrepreneurship is not just about starting a business; it's about solving problems, taking risks, and embracing failures. It's a journey of constant learning, adapting, and innovating. Success as an entrepreneur comes from resilience, determination, and the willingness to keep p"
118,Relationships,"Relationships are like a garden - they require nurturing, patience, and communication to flourish. Each partner brings their unique qualities to create something beautiful together. Remember to water it with love, sunlight with honesty, and prune away any negativity to help it gr"
119,Gaming,"Immerse yourself in captivating worlds, conquer challenging quests, and connect with a global community through the power of gaming. Whether you're a casual player or competitive enthusiast, gaming offers endless opportunities for entertainment, skill-building, and social interac"
120,Productivity,"Productivity doesn't mean doing more things, it means doing the right things efficiently. Focus on priorities, minimize distractions, and manage your time effectively to achieve your goals. Remember, quality over quantity is key to maximizing productivity and success."
121,Social Media,"Social media has revolutionized the way we connect, share information, and consume content. It's a powerful tool that can amplify voices, spark movements, and foster global communities. However, it's important to use it responsibly, critically evaluate information, and prioritize"
122,Art,"Art is a window into the soul, a reflection of society, a language without words. It has the power to inspire, provoke, and unite. Whether a masterpiece in a museum or a doodle on a napkin, art speaks to the heart and feeds the imagination. Embrace its beauty, its diversity, its "
123,Books,"Books have the power to transport us to different worlds, expand our minds, and spark our imagination. They provide knowledge, comfort, and inspiration. Whether you prefer fiction or non-fiction, there is a book out there waiting to captivate you with its words. Keep reading and "
124,Productivity,"Boost your productivity by setting clear goals, prioritizing tasks, eliminating distractions, taking breaks, and staying organized. Remember, small consistent efforts lead to big results! Stay focused and make each moment count towards your goals. #productivitytips"
125,Technology,"Technology continues to shape our world, revolutionizing industries, connecting people globally, and driving innovation. Embracing its power enables us to create a better future, pushing boundaries and unlocking endless possibilities. Let's harness technology for positive change "
126,Space,"Space is the final frontier, a vast expanse of mystery and wonder waiting to be explored. From the dazzling beauty of distant galaxies to the enigmatic depths of black holes, the universe offers endless opportunities for discovery and awe. Let's continue to push the boundaries of"
127,Relationships,"Relationships are like a garden - they require constant nurturing, communication, and effort to bloom beautifully. Just as we tend to our plants, we must also tend to our relationships with care and love to help them grow and thrive. Remember to water with kindness, sunlight with"
128,AI,"Artificial intelligence continues to revolutionize industries with its ability to analyze vast amounts of data, make predictions, and automate processes. As AI technology advances, it will play an increasingly crucial role in shaping the future of our world. #AI #futuretech"
129,Travel,"Embark on a journey to discover new lands, cultures, and experiences. Travel opens our minds, broadens our perspectives, and creates memories that last a lifetime. Whether it's a bustling city or a serene beach, the world is waiting to be explored. Bon voyage! 🌍✈️🗺️ #TravelInspir"
130,Climate Change,"Climate change is a global crisis that requires urgent action. We must prioritize sustainable practices, reduce carbon emissions, and protect our planet for future generations. Together, we can make a difference and create a more sustainable and resilient world. #ActOnClimate"
131,Cooking,"Cooking is a beautiful blend of creativity and precision. From chopping veggies to simmering sauces, each step is a labor of love that transforms ingredients into a delicious masterpiece. Whether you're a seasoned chef or a novice in the kitchen, cooking has the power to bring jo"
132,Education,"Education is the key to unlocking endless opportunities. It empowers individuals, ignites curiosity, and fosters critical thinking skills. Investing in education is investing in a brighter future for all. Let's prioritize providing quality education for every person, regardless o"
133,Mental Health,"Taking care of your mental health is just as important as your physical health. Remember to practice self-care, seek support when needed, and prioritize your well-being. You are not alone in this journey, and it's okay to ask for help. Your mental health matters."
134,Cooking,"Cooking is a beautiful blend of creativity and science, where ingredients come together to create delicious masterpieces. Whether you're following a recipe or improvising, the kitchen is a place where magic happens. Embrace the art of cooking and let your taste buds rejoice in th"
135,Art,"Art has the power to transcend boundaries, spark emotions, and ignite conversations. It serves as a mirror reflecting society's complexities, a window into diverse perspectives, and a bridge connecting individuals across cultures. Through art, we find beauty, truth, and inspirati"
136,Music,"Music has a unique ability to transcend language barriers and connect people from all walks of life. Whether you're singing along to your favorite song or getting lost in a symphony, music has the power to evoke emotions and bring us together in ways that words alone cannot. Let "
137,Mental Health,"Taking care of your mental health is just as important as your physical health. Practice self-care, seek help when needed, and remember that it's okay not to be okay. Let's break the stigma surrounding mental health and prioritize our well-being. You are not alone. #MentalHealthM"
138,Books,"Books are windows to different worlds, offering escape, knowledge, and inspiration. They ignite our imagination, broaden our perspectives, and deepen our empathy. Let's cherish the power of books to connect us with stories and ideas that shape who we are and who we can become. #b"
139,History,"History is a tapestry woven with threads of triumph and tragedy, bravery and betrayal. It is a mirror reflecting humanity's greatest achievements and darkest moments. By studying the past, we gain insight into who we are and how we can shape a better future for generations to com"
140,Climate Change,"Climate change is not just an environmental issue, it's a global crisis that requires immediate action. The consequences of inaction are dire - we must prioritize sustainability, reduce carbon emissions, and protect our planet for future generations. Our time to act is now. #Clim"
141,Books,"Books are magical portals that transport us to different worlds, expand our minds, and ignite our imaginations. They offer solace in times of need and knowledge to empower us. Let's cherish the written word and the endless possibilities it holds. Keep reading, keep exploring. 📚✨🌍"
142,Art,"Art is a reflection of the soul, a language that transcends words. It has the power to evoke emotions, provoke thoughts, and inspire change. Whether it's a vibrant painting, a moving sculpture, or a haunting melody, art has the ability to connect us all on a deeper level and remi"
143,Movies,"Movies take us on extraordinary journeys, evoking emotions and sparking our imaginations. From thrilling adventures to heartwarming stories, each film has the power to transport us to different worlds and make us feel a range of emotions. Let's continue to celebrate the magic of "
144,Fitness,"Physical fitness isn't just about hitting the gym; it's about nourishing your body, mind, and soul. Find activities you love, fuel your body with nutritious foods, and prioritize rest. Remember, it's a journey, not a destination. Embrace the process, stay consistent, and watch yo"
145,Fitness,"""Fitness is not about being better than someone else; it's about being better than you used to be. Every drop of sweat, every sore muscle, every challenge overcome is a step closer to becoming the best version of yourself. Keep pushing, keep growing, keep thriving. #FitnessGoals "
146,History,"History is not just a collection of dates and events, but a tapestry of stories that connect us to our past. It teaches us valuable lessons, shapes our identities, and provides a roadmap for the future. Embrace the richness of history and learn from the triumphs and struggles of "
147,Relationships,"Relationships are like a garden - they require constant care, attention, and nurturing to thrive. Communication, trust, and support are the seeds that grow into a strong foundation. Remember to water it with love and understanding, and watch it blossom into something beautiful an"
148,Art,"Art is a universal language that transcends boundaries, connecting people from all walks of life. It has the power to evoke emotions, spark conversations, and inspire change. Whether it's a painting, a sculpture, or a piece of music, art has the ability to touch our souls and mak"
149,Psychology,"Psychology unlocks the mysteries of the mind, delving into human behavior, emotions, and thoughts. It offers insights into the complexity of our mental processes and helps us understand ourselves and others better. By studying psychology, we gain a deeper understanding of what mo"
150,Psychology,"Psychology is the fascinating study of the mind and behavior, exploring everything from cognitive processes to social interactions. Understanding psychological principles can help us navigate relationships, improve mental health, and enhance overall well-being. Embracing psycholo"
151,Entrepreneurship,"Entrepreneurship is not just about starting a business, it's a mindset that embraces risk, innovation, and resilience. Every failure is a lesson, every success is a milestone. It's the journey of turning dreams into reality, creating opportunities, and shaping the future with pas"
152,Fitness,"Consistency is key to achieving your fitness goals. Stay committed, push through the challenges, and celebrate your progress along the way. Remember, every small step forward is a step closer to a healthier, stronger version of yourself. Keep going, you've got this! #FitnessGoals"
153,Climate Change,"Climate change is not a distant threat - it is happening now. Rising temperatures, extreme weather events, and melting ice caps are all signs of the urgent need for action. We must come together to protect our planet and future generations from the devastating impacts of climate "
154,Art,"Art has the power to transcend boundaries, evoke emotions, and spark conversations that words cannot. Whether it's a painting, a sculpture, or a piece of music, art has the ability to connect us all on a deeper level, reminding us of our shared humanity and the beauty that exists"
155,Space,"Space is a vast, mysterious expanse that ignites our curiosity and imagination. From the twinkling stars to the swirling galaxies, it reminds us of our place in the universe. Exploring space unlocks endless possibilities and inspires us to reach for the stars. Let's keep gazing u"
156,Books,"Books are portals to different worlds, allowing us to escape reality and explore new perspectives. They challenge our minds, ignite our imaginations, and inspire us to dream. Let's cherish the power of books in shaping our lives and shaping the world around us. #Books #Reading #I"
157,Technology,"Technology has revolutionized the way we live and work, connecting us like never before. From artificial intelligence to virtual reality, the possibilities are endless. As we continue to innovate, let's ensure that technology is used for the greater good, making the world a bette"
158,Art,"Art has the power to evoke emotions, spark imagination, and challenge perspectives. It is a universal language that transcends boundaries and connects us all. Whether it's a masterpiece in a museum or a mural on a city street, art has the ability to inspire, transform, and unite "
159,Travel,"Embark on a journey that nourishes the soul and ignites the spirit. Travel opens your mind to new experiences, cultures, and perspectives, shaping you into a more compassionate and well-rounded individual. Embrace the unknown, wander with purpose, and let the world be your greate"
160,History,"History is a tapestry woven from the threads of our past, revealing the triumphs and tribulations of humanity. It teaches us valuable lessons, shaping our present and guiding our future. Embrace the richness of our collective story, for it is the foundation upon which we build ou"
161,Space,"Space is a vast, mysterious frontier filled with wonders waiting to be discovered. From distant galaxies to shining stars, the universe holds endless possibilities and secrets yet to be unveiled. Let's keep exploring, dreaming, and reaching for the stars. #SpaceExploration 🚀🌌🔭"
162,AI,"Artificial Intelligence continues to revolutionize industries around the globe, enhancing efficiency and innovation. From healthcare to finance, AI is reshaping the way we work and interact with technology. Embracing AI is key to staying ahead in the digital age. #AIrevolution"
163,History,"History is not just a collection of dates and events, but a tapestry of human experiences woven together. It teaches us about our past, shapes our present, and guides our future. By studying history, we gain valuable insights into the complexities of the world and the resilience "
164,Movies,"Movies have the power to transport us to different worlds, make us feel a range of emotions, and inspire us in countless ways. Whether it's a classic film from decades ago or a recent blockbuster hit, the magic of movies continues to captivate audiences worldwide, bringing people"
165,Entrepreneurship,"Entrepreneurship is not just about starting a business; it's a mindset of innovation, resilience, and determination. Embrace the challenges, learn from failures, and always keep moving forward. Your journey as an entrepreneur will be tough, but the rewards are limitless. Keep pus"
166,Music,"Music is the universal language that transcends barriers and connects us all. Whether it's the soothing melodies of a lullaby or the energetic beats of a dance track, music has the power to evoke emotions and bring people together in harmony. Let the music play on and continue to"
167,Fitness,"Fitness is not just about physical strength, but mental resilience as well. It's a journey of self-discovery, pushing past limits, and embracing challenges. Remember, progress is progress no matter how small. Keep going, keep growing, and never underestimate the power of your own"
168,Art,"Art speaks to the soul, evoking emotions words cannot express. It transcends boundaries, connecting us on a deeper level. Whether a masterpiece in a museum or a child's doodle, art has the power to inspire, provoke, and unite us all. Embrace the beauty and creativity that art bri"
169,Education,"Education is the key to unlocking endless possibilities and shaping a brighter future. It empowers individuals, builds critical thinking skills, and fosters personal growth. Let's prioritize investing in quality education for all to create a more knowledgeable and equitable socie"
170,Gaming,"Immerse yourself in breathtaking worlds, conquer epic challenges, and connect with friends through the power of gaming. From intense battles to heartwarming stories, gaming offers endless possibilities to escape reality and experience unforgettable adventures. Let's pick up that "
171,Gaming,"Immerse yourself in epic adventures, connect with friends worldwide, and experience limitless creativity - all through the power of gaming. Whether you're a casual player or a competitive champion, gaming offers a diverse and thrilling world waiting to be explored. Level up and g"
172,Productivity,"Boost your productivity by setting clear goals, prioritizing tasks, minimizing distractions, taking breaks, and celebrating achievements. Remember, it's about working smarter, not harder. Stay focused, stay motivated, and watch your efficiency soar! 💪🚀 #productivitytips"
173,Productivity,"Productivity isn't about doing more; it's about focusing on what truly matters. Set clear goals, prioritize tasks, eliminate distractions, and maximize your efficiency. Remember, it's not about being busy; it's about being effective. Stay organized, stay motivated, and watch your"
174,Gaming,"Immerse yourself in the captivating world of gaming where you can escape reality and embark on thrilling adventures. From action-packed battles to mind-bending puzzles, gaming offers endless possibilities for creativity, strategy, and entertainment. Grab your controller and let t"
175,Art,"Art has the power to transcend language and culture, connecting us on a deeper level. It allows us to express emotions, challenge perspectives, and inspire change. Embrace the beauty of art in all its forms and let it ignite your creativity and imagination. Art is a universal lan"
176,Space,"Space is a vast, mysterious realm that captivates our imagination with its endless possibilities. From distant galaxies to dazzling stars, it reminds us of how small we are in the grand scheme of the universe. Let's continue to explore, discover, and marvel at the wonders of spac"
177,Cooking,"Cooking is an art that brings people together, creating delicious memories one meal at a time. Whether you're a novice or a master chef, the joy of preparing a dish with love and passion is unmatched. So grab your ingredients, unleash your creativity, and savor the magic of cooki"
178,Education,"Education is the key to unlocking endless possibilities and shaping a brighter future. It empowers individuals, fosters critical thinking, and cultivates a thirst for knowledge. Let's continue to invest in education to build a more informed, innovative, and inclusive society. #Ed"
179,History,"History is a tapestry woven with the threads of triumph and tragedy, courage and cowardice, progress and regression. It is a mirror reflecting both our greatest achievements and our darkest moments. To study history is to understand our past, confront our present, and shape our f"
180,Travel,"Travel allows us to escape the confines of our daily lives, opening our minds to new cultures, perspectives, and experiences. It challenges us to step out of our comfort zones and embrace the unknown, ultimately enriching our lives in ways we never thought possible. #travelbug"
181,Productivity,"Productivity is not about doing more; it's about focusing on what truly matters and getting it done efficiently. Prioritize tasks, minimize distractions, and take regular breaks to recharge your mind. Remember, it's not about being busy, it's about being productive. #Productivity"
182,Technology,"Technology continues to advance at an unprecedented pace, shaping the way we live, work, and communicate. From artificial intelligence to virtual reality, innovations are revolutionizing every industry. Embracing these changes allows us to unlock endless possibilities and create "
183,Space,"Space is a vast, mysterious realm that sparks curiosity and wonder in us all. From distant galaxies to breathtaking nebulae, we are reminded of the infinite possibilities that lie beyond our planet. Let's continue to explore, learn, and marvel at the beauty of the cosmos. 🌌🚀 #Spa"
184,Climate Change,"Climate change is not just a future threat; it's a current reality impacting our planet. It's time to take urgent action to reduce emissions, transition to renewable energy, and protect our environment for future generations. We all have a role to play in combating this global cr"
185,AI,"Artificial Intelligence continues to revolutionize industries worldwide with its ability to automate tasks, analyze data, and enhance decision-making processes. As AI technology advances, we can expect to see even more impressive innovations that will shape the future of our soci"
186,Fitness,"Strive for progress, not perfection in your fitness journey. Celebrate every small victory, stay consistent, and remember that every step forward, no matter how small, is still a step in the right direction. Keep pushing yourself to be the best version of you! #fitnessjourney 💪🏋️"
187,AI,"Artificial Intelligence continues to revolutionize industries, from healthcare to finance. As AI technology advances, it's crucial to prioritize ethical considerations and accountability to ensure its benefits are maximized while minimizing potential risks. The future is here, po"
188,Gaming,"Dive into immersive worlds, conquer epic quests, and connect with friends from across the globe - gaming isn't just a hobby, it's a way of life. Whether you're a casual player or a competitive pro, the thrill of gaming brings endless excitement and unforgettable experiences. Leve"
189,AI,"Artificial Intelligence is revolutionizing industries worldwide, transforming the way we work, live, and interact. From healthcare to finance to entertainment, AI's potential is limitless. Embrace the future with AI as a powerful tool for innovation and progress. #AI #innovation"
190,Travel,"Embark on a journey of self-discovery through travel. Explore new cultures, savor local cuisines, and create unforgettable memories. Travel opens your eyes to the beauty of the world and enriches your soul with experiences that will last a lifetime. Where will your next adventure"
191,Education,"Education is the key to unlocking opportunities and empowering individuals to reach their full potential. It is a lifelong journey that enriches the mind, nurtures critical thinking, and fosters creativity. Investing in education today means investing in a brighter future for all"
192,Productivity,"Productivity is not about doing more, it's about doing better. Focus on tasks that align with your goals, eliminate distractions, prioritize effectively, and take breaks when needed to recharge. Remember, it's not about being busy, it's about being productive. Quality over quanti"
193,Psychology,"Psychology explores the human mind, behavior, and emotions, shedding light on complex thoughts and actions. By understanding ourselves and others, we can cultivate empathy, improve relationships, and enhance mental well-being. Dive into the fascinating world of psychology to unra"
194,Entrepreneurship,"Entrepreneurship is a journey of resilience, innovation, and perseverance. It's about taking risks, embracing failures, and constantly adapting. Success isn't guaranteed, but the lessons learned along the way are invaluable. Keep pushing forward and never stop believing in your v"
195,Social Media,"Social media connects us globally, offering a platform for sharing ideas, inspiration, and creativity. But it's crucial to navigate it mindfully, balancing consumption with real-life experiences. Remember, social media is a highlight reel, not the full story. Stay authentic and k"
196,Space,"Space is the final frontier, a vast expanse of mystery and wonder waiting to be explored. From the twinkling stars to the swirling galaxies, it holds secrets that captivate our imagination and push the boundaries of human knowledge. Let's continue to reach for the stars and uncov"
197,Productivity,"Productivity hack: Prioritize your tasks, break them into smaller steps, eliminate distractions, set specific goals, take breaks to recharge, and track your progress. Consistent effort towards your goals will lead to increased productivity and success in the long run. Keep pushin"
198,Social Media,"Social media has revolutionized the way we communicate, connect, and consume information. It has the power to amplify voices, spark movements, and bridge communities. However, it also comes with challenges such as misinformation, cyberbullying, and privacy concerns. Let's strive "
199,Music,"Music has the power to transport us to another world, evoke deep emotions, and unite people from all walks of life. Whether it's the soothing melody of a lullaby or the energetic beat of a dance track, music has the ability to speak to our souls and bring us together in harmony. "
200,Entrepreneurship,"Entrepreneurship is not just about starting a business, it's a journey of constant learning, adapting to challenges, and embracing failures. It's about having the courage to pursue your passion, the resilience to overcome setbacks, and the vision to create something meaningful th"
